都道府県,市区町村,店舗名
東京都,千代田区,アイランド秋葉原店
東京都,千代田区,ビッグアップル．秋葉原店
東京都,千代田区,みとや水道橋店
東京都,千代田区,飯田橋プレサス
東京都,港区,ビックディッパー新橋1号店
東京都,板橋区,プラザ西台
富山県,富山市,ノースランド2001山室店
東京都,港区,スーパーハリウッド品川
東京都,台東区,三ノ輪UNO
東京都,台東区,エスパス日拓上野新館
東京都,台東区,エスパス日拓上野本館
東京都,台東区,PIA上野
東京都,台東区,楽園アメ横店
東京都,台東区,BIGPANDORA浅草店本館
東京都,台東区,ジャラン浅草店
東京都,北区,DAS東十条店
東京都,北区,ジュラク王子店
東京都,北区,王子龍龍
東京都,足立区,メッセ扇店
東京都,北区,アバンザ十条
東京都,北区,K-1赤羽店
東京都,荒川区,ウインベル・イースト・スロット
東京都,荒川区,コンサートホール荒川
東京都,荒川区,メッセ南千住店
東京都,荒川区,ダイナム西日暮里スロット店
東京都,荒川区,BBステーション日暮里店
東京都,足立区,MGM綾瀬西口店
東京都,足立区,ピーアーク北綾瀬ピーくんガーデン
東京都,足立区,ミカド五反野店
東京都,足立区,ピーアーク北千住SSS
東京都,足立区,コンサートホール北千住
東京都,足立区,ピーアーク北千住
東京都,足立区,ニュースター一ツ家店
東京都,足立区,ピーアーク竹ノ塚スタジオ
東京都,足立区,メッセ竹の塚店
東京都,足立区,SANCO梅島店
東京都,足立区,キューデン東口店
東京都,足立区,キューデンアネックス西新井
東京都,足立区,ジャラン谷在家店
東京都,葛飾区,オーパス・ワン立石店
東京都,葛飾区,オーパス・ワンアネックス立石店
東京都,葛飾区,エスパス1300新小岩北口駅前店
東京都,葛飾区,マリオン新小岩店
東京都,葛飾区,ダイナム金町南口店
東京都,葛飾区,ビクトリー三次店
東京都,葛飾区,マルハン亀有店
東京都,葛飾区,アクセル亀有支店
東京都,葛飾区,アムディ亀有
東京都,葛飾区,遊劇場III
東京都,墨田区,マルホン
神奈川県,横浜市西区,デラックスセブン
東京都,江戸川区,ウエスタン一之江店
東京都,墨田区,スーパーDステーション錦糸町店
東京都,江戸川区,マルハン小岩店
東京都,江戸川区,ライブガーデン篠崎店
東京都,大田区,金時大森東口店
東京都,江戸川区,パラッツォ葛西店
東京都,江戸川区,ウエスタン葛西店
東京都,江戸川区,ウエスタン環七南葛西店
東京都,江戸川区,ウエスタン西葛西店
東京都,江戸川区,コア21
東京都,江東区,TOYOHALL
東京都,江東区,ビックディッパー門前仲町店
東京都,江東区,123+N東雲店
東京都,江東区,グランドシップ
東京都,品川区,大井ニュー東京東口店
東京都,品川区,ビックディッパー大井町店
東京都,品川区,DELFEELNEWTOKYO
東京都,品川区,Dステーション大崎店
東京都,品川区,フルハウス戸越公園店
東京都,品川区,戸越ミナト
東京都,品川区,フルハウス戸越銀座店
東京都,品川区,フルハウス中延店
東京都,品川区,DAS小山
東京都,品川区,ヒノマル西小山店
東京都,品川区,エンジェルV
東京都,品川区,エンジェル本店
東京都,大田区,京浜ホール
東京都,大田区,PIA大森
東京都,大田区,ヒロキ3号店
東京都,大田区,キコーナ蒲田店
東京都,大田区,金時蒲田東口店
東京都,大田区,ヒロキ東口店
東京都,大田区,ベガス京急蒲田店
東京都,大田区,ザシティ/ベルシティ雑色店
東京都,大田区,ニラク大田長原店
東京都,渋谷区,楽園渋谷駅前店
東京都,渋谷区,エスパス日拓渋谷駅前新館
東京都,板橋区,コトブキホール
東京都,渋谷区,メッセ笹塚店
東京都,渋谷区,123笹塚店
東京都,目黒区,レッドロック学芸大学駅前店
東京都,目黒区,オリエンタルパサージュ自由が丘
東京都,目黒区,プレゴ自由が丘店
東京都,目黒区,MATSUYASLOTZONE
東京都,目黒区,ヒノマル中目黒店
東京都,世田谷区,ヒノマル駒沢店
東京都,世田谷区,AQUAH2O
東京都,世田谷区,パーラーDAIKI三軒茶屋店
東京都,世田谷区,カレイド下北沢店
東京都,世田谷区,カレイド経堂店
東京都,世田谷区,ヒノマル用賀店
東京都,新宿区,四谷タイガー
東京都,新宿区,マルハン新宿東宝ビル店
東京都,新宿区,エスパス日拓新宿歌舞伎町店
東京都,新宿区,エスパス日拓西武新宿駅前店
東京都,新宿区,キコーナ新宿三丁目店
東京都,新宿区,ベガスベガス新宿東南口店
東京都,新宿区,オアシス飯田橋店
東京都,中野区,ニラク中野サンモール2号店
東京都,中野区,国際センター中野店
東京都,中野区,グランパ中野
東京都,中野区,フルハウス東中野店
東京都,中野区,新世界
東京都,杉並区,メッセ高円寺店
東京都,杉並区,ミリオン高円寺22号店
東京都,杉並区,阿佐ヶ谷オーシャン
東京都,杉並区,オーパ阿佐ヶ谷
東京都,杉並区,パーラースーパーセブン新高円寺店
東京都,杉並区,ジャンジャンマールゴット南阿佐ヶ谷
東京都,杉並区,ヒノマル下井草店
東京都,杉並区,オーパ荻窪
東京都,杉並区,メッセ荻窪店
東京都,杉並区,フィオーレ荻窪
東京都,杉並区,メッセ西荻窪店
東京都,杉並区,パーラーフィオーレ永福町
東京都,杉並区,パーラーフィオーレ浜田山
東京都,板橋区,ジャンジャン高島平駅前店
東京都,新宿区,グランパ大久保
東京都,新宿区,エスパス日拓高田馬場本店
東京都,新宿区,国際センター高田馬場店
東京都,豊島区,巣鴨会館
東京都,豊島区,ニュー太平
東京都,豊島区,ジャパンニューアルファ池袋店
東京都,豊島区,PIA池袋
東京都,豊島区,やすだ東池袋9号店
東京都,豊島区,TOHO池袋店
東京都,豊島区,マルハン池袋SLOTBASE
東京都,豊島区,やすだ西池袋6号店
東京都,豊島区,プレゴEX池袋南口店
東京都,豊島区,スマートプレゴ池袋
東京都,板橋区,大山オーシャン
東京都,板橋区,楽園大山店
東京都,板橋区,マルハン大山店
東京都,板橋区,やすだ清水町店
東京都,板橋区,コンサートホール志村
東京都,板橋区,グランドホール西高島平店
東京都,板橋区,パーラーディオス下赤塚本店
東京都,板橋区,エクサ
東京都,板橋区,コンサートホール成増2
東京都,練馬区,ヒノマル江古田店
東京都,練馬区,練馬オーシャン
長野県,上田市,Dステーション上田店
東京都,練馬区,国際センター中村橋店
東京都,練馬区,ミリオン石神井公園店スロット館
東京都,練馬区,日の出会館
東京都,練馬区,チャレンジャー光が丘
東京都,練馬区,コスモ光が丘店
東京都,練馬区,ミリオン東武練馬13号店
東京都,武蔵野市,メッセ吉祥寺店
東京都,武蔵野市,テンガイ･三鷹店
東京都,武蔵野市,ダイナム武蔵境店
東京都,武蔵野市,メッセ武蔵境店
東京都,三鷹市,メッセ三鷹店
東京都,調布市,仙川UNO
東京都,調布市,つつじヶ丘ワールド
東京都,調布市,ジャンジャンマールゴット調布国領駅前
東京都,調布市,MGM国領店
東京都,調布市,コンサートホール調布
東京都,府中市,ジャンジャンマールゴット分倍河原駅前店
東京都,府中市,ドキわくランド中河原駅前店
東京都,小平市,ビックディッパー花小金井店
東京都,小平市,アット小平
東京都,西東京市,出玉王田無店
東京都,西東京市,スロットエランドール田無店
東京都,西東京市,ミカド田無店
東京都,東村山市,パーラーマイニチ東村山店スロット館
埼玉県,熊谷市,アスカ熊谷駅前店
東京都,西多摩郡瑞穂町,フェイス1100瑞穂店
東京都,西多摩郡瑞穂町,サンフラワー瑞穂店
東京都,日野市,ジャンジャンマールゴット日野駅前店
東京都,日野市,マルハン日野店
東京都,八王子市,ビーム高倉
東京都,八王子市,ニューコスミック八王子店
東京都,八王子市,PIA八王子
東京都,八王子市,デルパラ7堀之内
東京都,八王子市,デルパラ10南大沢店
東京都,八王子市,ジアス南大沢
東京都,八王子市,Dステーション八王子北野店
東京都,八王子市,ガリレオ
東京都,八王子市,マルハン八王子四谷店
東京都,八王子市,トワーズ西八店
東京都,町田市,PIA町田新館
東京都,町田市,楽園町田店
東京都,町田市,オーパス・ワン成瀬店
東京都,昭島市,アミージャ・アミーゴ昭島店
東京都,昭島市,マルハン昭島店
東京都,福生市,チャレンジャー7
東京都,福生市,チャレンジャー福生
東京都,あきる野市,オリエント秋川店
東京都,青梅市,オリエントヴィーナスホール
東京都,狛江市,ヒノマル狛江店
東京都,東久留米市,オータ東久留米店
東京都,清瀬市,パラッツォ秋津店
東京都,清瀬市,ライオン清瀬店
東京都,清瀬市,清瀬UNO
東京都,羽村市,オゼック羽村
東京都,多摩市,ドキわくランド聖蹟桜ヶ丘店
東京都,多摩市,P-PORTPREGO永山
東京都,東大和市,ニラク東大和店
東京都,東大和市,マルハン東大和店
東京都,東大和市,ニラク上北台店
東京都,武蔵村山市,ニラク武蔵村山伊奈平店
東京都,多摩市,マイニチWOW'ON
神奈川県,川崎市川崎区,PIA川崎ダイス
神奈川県,川崎市川崎区,ザシティ/ベルシティ川崎店
神奈川県,川崎市川崎区,ジョイフル吉兆川崎中央店
神奈川県,川崎市川崎区,吉兆川崎中央店
神奈川県,川崎市川崎区,セブンS川崎店
神奈川県,川崎市川崎区,パーラースター
神奈川県,川崎市川崎区,マルハン川崎桜本店
神奈川県,川崎市中原区,ヒノマル新丸子西口スロット館
神奈川県,川崎市中原区,プレスト平間店II
神奈川県,川崎市中原区,ザシティ/ベルシティ元住吉店
神奈川県,川崎市中原区,アクセスIII
神奈川県,川崎市中原区,ピーアーク新城マックスパチンコ
神奈川県,川崎市幸区,アクセス川崎店
神奈川県,川崎市幸区,南武線尻手駅前店
神奈川県,川崎市幸区,アサヒ2鹿島田店
神奈川県,川崎市幸区,セブンスター
神奈川県,川崎市高津区,パチスロエムアンドエム
神奈川県,川崎市高津区,エスパス日拓溝の口駅前本店
神奈川県,川崎市高津区,SLOTACT
神奈川県,川崎市高津区,楽園溝の口店
長野県,松本市,APULO松本駅前店
神奈川県,川崎市高津区,ノアアークス
神奈川県,川崎市高津区,ノア溝口店
神奈川県,川崎市高津区,吉兆川崎野川店
神奈川県,川崎市多摩区,ヒノマル向ヶ丘遊園店
神奈川県,川崎市多摩区,ハトヤ
神奈川県,川崎市多摩区,ギンザホール707
神奈川県,川崎市麻生区,ジアス新百合ヶ丘
神奈川県,川崎市宮前区,ターキー
神奈川県,川崎市宮前区,プレイスポットドラゴン
神奈川県,川崎市宮前区,吉兆東名川崎店
神奈川県,横浜市西区,123横浜西口店
神奈川県,横浜市神奈川区,ヒノマル白楽店
神奈川県,横浜市港北区,アビバ綱島樽町店
神奈川県,横浜市港北区,HEIWACENTER
神奈川県,横浜市港北区,SKIPスロットクラブ新横浜店
神奈川県,横浜市港北区,タイガー7綱島店
神奈川県,横浜市港北区,PIA綱島
神奈川県,横浜市都筑区,センター北サンコー
神奈川県,横浜市都筑区,ドキわくランド北山田店
神奈川県,横浜市都筑区,パールショップともえセンター南店
神奈川県,横浜市都筑区,楽園港北インター店
神奈川県,横浜市都筑区,マルハン都筑店
神奈川県,横浜市青葉区,サンパチンコ
神奈川県,横浜市緑区,中山ZoRoN
神奈川県,横浜市鶴見区,マルハン鶴見店
神奈川県,横浜市鶴見区,鶴見UNO
神奈川県,横浜市鶴見区,サンボール鶴見店
神奈川県,横浜市鶴見区,金時鶴見店
神奈川県,横浜市鶴見区,アビバ鶴見店
神奈川県,横浜市鶴見区,吉兆横浜駒岡店
神奈川県,横浜市中区,横浜マリーン
神奈川県,横浜市中区,キコーナ伊勢佐木店
神奈川県,横浜市中区,PIA伊勢佐木町
神奈川県,横浜市中区,サントロペ伊勢佐木町
神奈川県,横浜市中区,スーパーハリウッド伊勢佐木
神奈川県,横浜市中区,SUNSUNアークス本牧店
神奈川県,横浜市南区,SKIP横浜橋店
神奈川県,横浜市南区,BIGPANDORA井土ヶ谷店新館
神奈川県,横浜市港南区,プラザ上大岡アンドミラージュ
神奈川県,横浜市港南区,アビバ上大岡店
神奈川県,横浜市港南区,ジアス上大岡
神奈川県,横浜市港南区,JUMBO上大岡
神奈川県,横浜市港南区,Dステーション上永谷店
神奈川県,横浜市港南区,楽園上永谷店
神奈川県,横浜市港南区,NOAH上永谷店
神奈川県,横浜市港南区,ジアス港南台
神奈川県,横浜市港南区,ピーバンク港南台店
神奈川県,横浜市港南区,グランドホール港南店
神奈川県,横浜市磯子区,宝島
神奈川県,横浜市金沢区,シーサイドプラザ
神奈川県,横浜市金沢区,グランドアクア
神奈川県,横浜市金沢区,PIA金沢八景
神奈川県,横須賀市,アビバ横須賀中央店
神奈川県,横須賀市,スロットサントロペ横須賀中央
神奈川県,横須賀市,アフェスタ三春町店
神奈川県,三浦市,アビバ三浦海岸店
神奈川県,横浜市保土ケ谷区,東横フェスタ8
神奈川県,横浜市保土ケ谷区,A-MAX今井IC店
神奈川県,横浜市旭区,パラッツォ鶴ヶ峰店
神奈川県,横浜市旭区,BEES鶴ケ峰店
神奈川県,横浜市旭区,パラッツォ鶴ヶ峰スロット館
神奈川県,横浜市旭区,プレスト三ツ境店
神奈川県,横浜市旭区,スタジアム二俣川店
神奈川県,大和市,パチスロ甲子園
神奈川県,大和市,サンラッキー中央林間店
神奈川県,大和市,パールショップともえ大和560
神奈川県,大和市,トワーズ大和深見店1120
神奈川県,大和市,ドキわくランド大和駅前店
神奈川県,大和市,トワーズ大和店
神奈川県,厚木市,PIA厚木本館
神奈川県,厚木市,トワーズ厚木店
神奈川県,厚木市,グランドオータ厚木店
神奈川県,厚木市,マルハン厚木北店
神奈川県,愛甲郡愛川町,ドキわくランド愛川店
神奈川県,海老名市,アビバ海老名店
神奈川県,大和市,ピーズ・タウン桜ヶ丘
神奈川県,横浜市戸塚区,東横フェスタ1
神奈川県,横浜市戸塚区,東横フェスタ3
神奈川県,横浜市戸塚区,東横フェスタ2
神奈川県,横浜市戸塚区,東横フェスタ5
神奈川県,横浜市栄区,スクランブル田谷店
神奈川県,横浜市栄区,BRAJAN戸塚店
神奈川県,横浜市泉区,プレスト弥生台店
神奈川県,横浜市泉区,PLEASE3
神奈川県,横浜市戸塚区,東横フェスタ9
神奈川県,横浜市瀬谷区,マルハンメガシティ横浜町田
神奈川県,横浜市瀬谷区,グランドオータ瀬谷店
神奈川県,鎌倉市,ジアス大船
神奈川県,逗子市,アビバ逗子駅前店
神奈川県,小田原市,キコーナ小田原扇町店
神奈川県,小田原市,グランドホール小田原店
神奈川県,南足柄市,アビバ南足柄店
神奈川県,藤沢市,ユーコーラッキー辻堂店
神奈川県,藤沢市,パラッツォ藤沢南店
神奈川県,藤沢市,平楽湘南ライフタウン店
神奈川県,相模原市緑区,コンパル橋本
神奈川県,相模原市緑区,ドキわくランド橋本店
神奈川県,相模原市緑区,マルハン橋本台店
神奈川県,相模原市中央区,ピーアーク相模原
神奈川県,相模原市中央区,楽園相模原店
神奈川県,相模原市中央区,ダイナム相模原店
神奈川県,相模原市中央区,REDSTADIUM上溝店
神奈川県,相模原市中央区,チャンピオン田名店
神奈川県,相模原市中央区,マルハン相模原店
神奈川県,相模原市南区,大学院
神奈川県,相模原市南区,ドラゴン小田急相模原店
神奈川県,相模原市南区,サンラッキー相模原店
神奈川県,相模原市南区,トワーズ麻溝台店
神奈川県,相模原市南区,ニュードラゴン古淵店
神奈川県,藤沢市,グランドホール長後店
神奈川県,藤沢市,アビバ湘南台店
神奈川県,秦野市,マルハン平沢店
神奈川県,藤沢市,ドキわくランド長後駅前店
神奈川県,藤沢市,トワーズ藤沢店
神奈川県,綾瀬市,マルハン綾瀬上土棚店
神奈川県,綾瀬市,SKIP綾瀬店
神奈川県,茅ヶ崎市,MONOS茅ヶ崎
神奈川県,茅ヶ崎市,キコーナ茅ヶ崎店
神奈川県,茅ヶ崎市,マルハン茅ヶ崎店
神奈川県,高座郡寒川町,ジャパンニューアルファ倉見店
神奈川県,平塚市,マルハン平塚店
神奈川県,平塚市,シーザースパレス
神奈川県,小田原市,マルハン小田原店
神奈川県,小田原市,小田原コロナ
神奈川県,秦野市,キコーナ東海大前店
神奈川県,秦野市,ジャパンニューアルファテームズ
神奈川県,秦野市,マルハン秦野元町店
埼玉県,さいたま市浦和区,将軍与野店
埼玉県,さいたま市大宮区,パチンコプラザラ・カータ大宮駅前店
埼玉県,さいたま市西区,ウイングキャッスル
埼玉県,さいたま市北区,パーラー日進ミリー
埼玉県,川口市,ジャラン川口弥平店
埼玉県,川口市,PIA川口
埼玉県,川口市,メビウス西川口店
埼玉県,川口市,デルパラ川口店
埼玉県,川口市,パチンコ三福・東川口店
埼玉県,川口市,虹のある街川口店
埼玉県,川口市,パラッツォ鳩ヶ谷店
埼玉県,川口市,ジャラン川口峯店
埼玉県,川口市,ドリームランドパート2
埼玉県,蕨市,DAS蕨店
埼玉県,蕨市,パラッツォ蕨店
埼玉県,蕨市,アスカ蕨駅前店
埼玉県,戸田市,やすだ戸田店
埼玉県,戸田市,マルキ戸田店
埼玉県,さいたま市南区,ベルシティザシティ南浦和店
埼玉県,さいたま市南区,MGM浦和店
富山県,富山市,ヤマトII
埼玉県,蕨市,HAP-1-NHWARABI
埼玉県,さいたま市見沼区,チンジャラ会館
埼玉県,さいたま市見沼区,やすだ東大宮店
埼玉県,さいたま市岩槻区,アリーナ岩槻本店
埼玉県,さいたま市岩槻区,R7STRONG
埼玉県,さいたま市岩槻区,メガガイア岩槻
埼玉県,さいたま市岩槻区,コンサートホール岩槻
埼玉県,草加市,ピーアーク松原
埼玉県,草加市,SAP草加
埼玉県,草加市,ピーアーク草加
埼玉県,草加市,ピーアーク新田
埼玉県,草加市,キコーナ草加店
埼玉県,幸手市,ライブガーデン幸手権現堂
埼玉県,久喜市,マルハン鷲宮店
埼玉県,八潮市,やすだ八潮店
埼玉県,八潮市,第一プラザ八潮店
埼玉県,三郷市,やすだ三郷店
埼玉県,三郷市,ダイナム戸ヶ崎店
埼玉県,吉川市,デルパラ吉川店
埼玉県,越谷市,北越谷UNO
埼玉県,越谷市,ディスカバリー
埼玉県,越谷市,ピーアーク越谷
埼玉県,越谷市,楽園南越谷店
埼玉県,春日部市,スポーツ館
埼玉県,春日部市,武里スポーツ館
埼玉県,北葛飾郡杉戸町,アスカ杉戸店
埼玉県,北葛飾郡杉戸町,Dステーション杉戸店
埼玉県,羽生市,ニラク羽生店
埼玉県,羽生市,Dステーション羽生店
埼玉県,蓮田市,ニューヨークP-1
埼玉県,蓮田市,ティアラ蓮田店
埼玉県,川越市,スカイプラザ川越店
埼玉県,川越市,TOHO川越店
埼玉県,川越市,パラッツォ川越店
埼玉県,比企郡川島町,オータ川島店
埼玉県,坂戸市,第一プラザ坂戸1000
埼玉県,坂戸市,パチンコプラザラ・カータ坂戸店
埼玉県,坂戸市,Dステーション坂戸店
埼玉県,鶴ヶ島市,ジャラン若葉駅前店
埼玉県,入間郡毛呂山町,No.1エメラルド
埼玉県,入間郡毛呂山町,第一プラザ武州長瀬店
埼玉県,川越市,ゴープラ川越店
埼玉県,川越市,マルハン川越店
埼玉県,川越市,第一プラザ笠幡店
埼玉県,日高市,ジャムフレンドクラブ日高
埼玉県,狭山市,トワーズ狭山店
埼玉県,狭山市,第一プラザ狭山店
埼玉県,狭山市,パラッツォ赤坂店
埼玉県,狭山市,オータ狭山スロット館
埼玉県,狭山市,アスカ狭山店
埼玉県,朝霞市,朝霞UNO
埼玉県,朝霞市,ピーアーク朝霞
埼玉県,朝霞市,やすだ朝霞店
埼玉県,朝霞市,ミリオン1100朝霞店
埼玉県,朝霞市,ジャムフレンドクラブ朝霞店
埼玉県,和光市,ミリオン和光10号店
埼玉県,新座市,ニューダイエイIII
埼玉県,新座市,グランドオータ新座駅前店
埼玉県,志木市,オータ志木駅前店
埼玉県,富士見市,スカイプラザ富士見店
埼玉県,富士見市,みずほ台UNO
埼玉県,富士見市,第一プラザみずほ台店
埼玉県,富士見市,SAPみずほ台
埼玉県,富士見市,アリーナ鶴瀬店
埼玉県,東松山市,ベルシティザシティ東松山店
埼玉県,東松山市,エスタディオ東松山
埼玉県,比企郡滑川町,ノア東松山店
埼玉県,ふじみ野市,上福岡UNO
埼玉県,ふじみ野市,スカイプラザ大井店
埼玉県,入間市,スーパーDステーション入間店
埼玉県,入間市,マルハン入間店
埼玉県,入間市,トワーズ入間店
埼玉県,所沢市,やすだ所沢店
埼玉県,所沢市,マルハン所沢店
埼玉県,所沢市,ゴープラ小手指店
埼玉県,熊谷市,アスカ熊谷店
埼玉県,行田市,メガボックス行田店
埼玉県,行田市,セイブゾーン
埼玉県,行田市,スーパーライブガーデン行田店
埼玉県,上尾市,アリーナ平塚店
埼玉県,上尾市,北上尾UNO
埼玉県,上尾市,りちスロ(りっちらんどスロット館)
埼玉県,上尾市,ナビ上尾店
埼玉県,上尾市,ライブガーデン上尾スロット館
埼玉県,上尾市,上尾UNO
埼玉県,桶川市,アリーナ桶川坂田店
埼玉県,桶川市,オータ桶川駅前店
埼玉県,北本市,ニラク北本深井店
埼玉県,北本市,虹のある街北本店
埼玉県,鴻巣市,ニラク鴻巣中井店
埼玉県,深谷市,マルハン深谷店
埼玉県,本庄市,ダイナム児玉店
埼玉県,秩父市,トワーズ秩父店
埼玉県,児玉郡上里町,スーパーDステーション上里店
埼玉県,児玉郡上里町,パチンコプラザラ・カータ上里店
埼玉県,深谷市,Dステーション花園店
千葉県,千葉市中央区,ピーアーク千葉駅前
千葉県,千葉市中央区,スーパーDステーション千葉みなと
千葉県,千葉市中央区,マルハン千葉みなと店
千葉県,千葉市中央区,Dステーション浜野店
千葉県,千葉市中央区,キクヤ千葉店
千葉県,千葉市美浜区,稲毛海岸UNO
千葉県,千葉市花見川区,ジャンジャンデルノザウルス千葉北インター店
千葉県,千葉市花見川区,パラッツォ新検見川店
千葉県,千葉市花見川区,ミリオン幕張店
千葉県,千葉市花見川区,TOHO幕張店
千葉県,千葉市稲毛区,マルハン千葉北店
千葉県,千葉市稲毛区,ヒノマル六方店
千葉県,千葉市稲毛区,パールショップともえ稲毛長沼店
千葉県,千葉市稲毛区,エスパス日拓稲毛駅前新館
千葉県,千葉市稲毛区,やすだ稲毛駅前店
千葉県,印西市,マルハン千葉ニュータウン店
千葉県,松戸市,マルハン松飛台店
千葉県,松戸市,アムディ東松戸
千葉県,松戸市,エクスアリーナ松戸
千葉県,松戸市,ザ・ガーデン
千葉県,松戸市,キコーナ松戸店
千葉県,松戸市,マルキ松戸店
千葉県,松戸市,八柱UNO
千葉県,船橋市,第一プラザ船橋店
千葉県,松戸市,キングイーグルズ馬橋店
千葉県,松戸市,パラッツォ馬橋中根長津店
千葉県,松戸市,ゴールド北松戸店
千葉県,松戸市,楽園松戸店
千葉県,松戸市,ときわホール
千葉県,市川市,サンラッキー市川店
千葉県,市川市,本八幡UNO
千葉県,市川市,本八幡ZoRoN
千葉県,市川市,ウイング市川駅南店
千葉県,市川市,Dステーション妙典駅前店
千葉県,市川市,MGM行徳店
千葉県,市川市,ウエスタン行徳店
千葉県,市川市,マックスワン
千葉県,市川市,ガイアネクスト南行徳店
千葉県,船橋市,ウィンベル・カザン
千葉県,船橋市,ミリオン習志野店
千葉県,習志野市,ニュークラウン津田沼店
千葉県,八千代市,マルハン八千代東店
千葉県,八千代市,コンサートホール勝田台
千葉県,八千代市,マルハン八千代緑が丘店
千葉県,柏市,楽園柏店
千葉県,柏市,PIA柏スロット館
千葉県,柏市,エクスアリーナ柏
千葉県,柏市,ジュラク柏店
千葉県,柏市,南柏UNO
千葉県,柏市,KIZUNA8
千葉県,柏市,マルハンメガシティ柏
千葉県,野田市,ハリウッド野田
千葉県,野田市,ハリウッド七光台
千葉県,浦安市,夢屋浦安店
千葉県,浦安市,プリンス浦安
千葉県,東金市,ヴィーナス東金店
千葉県,東金市,Dステーション東金店
千葉県,東金市,パールショップともえ東金SideII
千葉県,東金市,ダイナム東金店
千葉県,四街道市,やすだ四街道店
千葉県,四街道市,ダイナム四街道店
千葉県,佐倉市,ウエスタン佐倉店
千葉県,佐倉市,パラッツォ志津店
千葉県,成田市,パールショップともえ成田969
千葉県,富里市,パールショップともえ7G・E・T葉山
千葉県,富里市,パールショップともえ富里802
千葉県,香取市,パールショップともえ佐原店
千葉県,銚子市,ダイナム銚子店
千葉県,香取市,パールショップともえ小見川店
千葉県,八街市,ダイナム八街店
千葉県,八街市,パールショップともえ八街HIZIKAI
千葉県,八街市,MGM八街榎戸店
千葉県,八街市,パールショップともえ八街店
千葉県,山武市,ダイナム千葉成東店
千葉県,山武郡芝山町,MGM芝山店
千葉県,匝瑳市,パールショップともえ八日市場店
千葉県,香取郡多古町,パールショップともえ多古店
千葉県,旭市,パールショップともえ旭店
千葉県,旭市,Dステーション旭店
千葉県,市原市,ヒノマル辰巳店
千葉県,市原市,パールショップともえ市原店
千葉県,市原市,サンシャインコスモ
千葉県,市原市,サンシャインMAX
千葉県,市原市,マルハン市原店
千葉県,市原市,ヒノマル五井店
千葉県,市原市,ヒノマル海士有木店
千葉県,木更津市,メトロ清見台店
千葉県,木更津市,パールショップともえ木更津店
千葉県,木更津市,PLAZADo木更津店
千葉県,木更津市,スマイルマックス木更津
千葉県,富津市,PLAZADoFII
千葉県,館山市,SKIP館山店
千葉県,茂原市,アップル茂原店
千葉県,茂原市,マルハン茂原店
千葉県,茂原市,GLOBE
千葉県,市原市,メトロ潮見通り店
千葉県,市原市,ヴィーナス市原
千葉県,市原市,ヒノマル姉崎店
茨城県,土浦市,ニューアポロ土浦店
茨城県,土浦市,パワースロットステージアポロ神立店
茨城県,土浦市,MGM神立店
茨城県,土浦市,マルハン土浦店
茨城県,土浦市,ダイナム茨城土浦店
茨城県,稲敷郡阿見町,アムズツインパーク
茨城県,稲敷市,メッセ江戸崎店
茨城県,稲敷市,百万弗江戸崎店
茨城県,稲敷市,アポロ東町店
茨城県,土浦市,デルパラ1つくば南
茨城県,牛久市,ニラクひたち野うしく店
茨城県,牛久市,PX牛久店
茨城県,稲敷市,ニューデルダス
茨城県,取手市,ビックマーチ藤代店
茨城県,つくば市,レイト平塚
茨城県,つくば市,ニューオークラ
茨城県,土浦市,ダイナム新治店
茨城県,龍ケ崎市,ZENT竜ヶ崎店
茨城県,守谷市,MGM守谷ふれあい通り店
茨城県,常総市,レイト水海道
茨城県,下妻市,ダイナム下妻店
茨城県,下妻市,MGM下妻店
茨城県,つくば市,PXつくば桜店
茨城県,つくば市,マルハンつくば店
茨城県,つくば市,レイトつくば
茨城県,つくば市,ビックマーチつくば本店
茨城県,古河市,マルハン古河店
茨城県,古河市,ダイナム古河店
茨城県,古河市,747三和店
茨城県,古河市,マルハン古河北店
茨城県,猿島郡境町,MGM境店
茨城県,結城市,GRANDSEPIA
茨城県,結城市,ニラク結城小田林店
茨城県,筑西市,グランドレイト
茨城県,筑西市,マルハン筑西店
茨城県,筑西市,アイランド筑西店
茨城県,筑西市,ニラク下館店
岡山県,都窪郡早島町,早島マルハチ
茨城県,笠間市,MGM友部店
茨城県,笠間市,ニラク笠間店
茨城県,笠間市,ダイナム友部店
茨城県,水戸市,キコーナ水戸駅南店
茨城県,水戸市,マルハン水戸けやき台店
茨城県,水戸市,ビックマーチ水戸本店
茨城県,水戸市,パーラーファンタジー渡里店
茨城県,水戸市,MGM水戸店
茨城県,鉾田市,MGM鉾田店
茨城県,潮来市,パールショップともえ潮来店
茨城県,東茨城郡茨城町,レイト水戸南
茨城県,小美玉市,パールショップともえ石岡店
茨城県,小美玉市,デルジャン小美玉店
茨城県,行方市,MGM玉造店
茨城県,水戸市,ビックマーチ河和田東店
茨城県,水戸市,GrandeOtto
茨城県,ひたちなか市,キコーナ中根店
茨城県,ひたちなか市,ニラクひたちなか店
茨城県,ひたちなか市,ビックマーチ勝田店
茨城県,ひたちなか市,ビックマーチひたちなか店
茨城県,鹿嶋市,パールショップともえ7G・E・T鹿嶋2
茨城県,鹿嶋市,パールショップともえ7G・E・T鹿嶋店
茨城県,鹿嶋市,DステーションWAKO鹿島店
茨城県,鹿嶋市,ダイナム鹿嶋店
茨城県,鹿嶋市,レイト鹿嶋
茨城県,神栖市,ロイヤル神栖店
茨城県,神栖市,パールショップともえ奥野谷店
茨城県,神栖市,パールショップともえ神栖店
茨城県,神栖市,ダイナム神栖店
茨城県,神栖市,ロイヤル波崎店
茨城県,神栖市,パールショップともえ波崎店
茨城県,石岡市,マルハン石岡店
茨城県,石岡市,デルジャン石岡店
茨城県,かすみがうら市,ジュピター千代田店
茨城県,日立市,ニラク常陸多賀店
茨城県,日立市,ビックマーチ日立店
茨城県,日立市,MAYBACH
茨城県,日立市,キコーナ日立駅前店
茨城県,高萩市,ダイナム高萩店
茨城県,那珂郡東海村,MGM東海店
茨城県,日立市,ビックマーチスロットクラブ日立店
茨城県,日立市,ダイエー日立店
茨城県,常陸大宮市,ニラク常陸大宮店
栃木県,宇都宮市,ZENT駒生店
栃木県,宇都宮市,WonderBOSS
大阪府,茨木市,キコーナ阪急茨木店
栃木県,宇都宮市,ビックマーチ宇都宮店
栃木県,宇都宮市,ZENTインターパーク店
栃木県,宇都宮市,ZENTテクノ店
栃木県,宇都宮市,コンサートホール五代店
栃木県,宇都宮市,ビックマーチ西川田店
栃木県,宇都宮市,DELGRAND下栗
栃木県,宇都宮市,マックス・ヤナセ
栃木県,宇都宮市,コンサートホール今泉店
栃木県,宇都宮市,ZENT海道店
栃木県,宇都宮市,SuperBOSS
栃木県,宇都宮市,ZENT御幸店
栃木県,日光市,ジャンジャンデルノザウルス今市店
栃木県,日光市,アイランド日光店
栃木県,宇都宮市,麗都宇都宮テクノ店
栃木県,真岡市,つばめザ・ブーム
栃木県,真岡市,ビックマーチ真岡店
栃木県,鹿沼市,マルハン鹿沼店
栃木県,鹿沼市,ライブガーデン鹿沼グランドシティ
栃木県,小山市,スーパーライブガーデン小山喜沢店
栃木県,小山市,MGM小山本郷店
栃木県,那須塩原市,マルハン黒磯店
栃木県,那須塩原市,ダイナム黒磯店
栃木県,足利市,ニラク足利福居店
栃木県,佐野市,PSブランド佐野店
栃木県,佐野市,ビックマーチ佐野店
栃木県,佐野市,ライブガーデン佐野スロット店
栃木県,佐野市,BBステーション佐野田沼インター店
栃木県,佐野市,アイランド佐野店
栃木県,栃木市,ライブガーデン栃木本店
栃木県,栃木市,ベガスベガス栃木店
栃木県,下都賀郡野木町,ライブガーデン野木
栃木県,小山市,マルハン小山千駄塚店
栃木県,下野市,ZENT石橋店
栃木県,宇都宮市,アイマックス
栃木県,塩谷郡高根沢町,TenderBOSS
栃木県,さくら市,マルハン氏家店
栃木県,矢板市,ダイナム矢板店
栃木県,那須塩原市,ダイナム西那須野店
栃木県,那須塩原市,マルハン那須塩原店
栃木県,栃木市,ダイナム岩舟店
群馬県,高崎市,ビックつばめ高崎店
群馬県,邑楽郡大泉町,ニラク大泉店
群馬県,邑楽郡邑楽町,あすか倶楽部ナビ
群馬県,高崎市,マルハン倉賀野店
群馬県,高崎市,ライオンズ
群馬県,高崎市,ダイナム多野新町店
群馬県,高崎市,ダイナム吉井店
群馬県,富岡市,Dステーション富岡店
群馬県,富岡市,メルヘンワールド富岡店
群馬県,高崎市,スーパーDステーション金古店
群馬県,前橋市,マルハン前橋西片貝店
群馬県,前橋市,Dステーション前橋若宮店
群馬県,前橋市,スーパーDステーション前橋大利根店
群馬県,前橋市,マルハン前橋インター店
群馬県,伊勢崎市,ビックマーチ八斗島店
群馬県,伊勢崎市,マルハン八斗島店
群馬県,太田市,スーパーDステーション太田店
群馬県,太田市,マルハン太田新道町店
群馬県,太田市,ZENT太田店
群馬県,太田市,アスカ太田店
群馬県,太田市,Dステーション太田矢島店
群馬県,館林市,JP-7館林店
群馬県,藤岡市,ジャンジャンプラス
群馬県,沼田市,Dステーション沼田総本店
群馬県,安中市,トワーズ安中店
群馬県,安中市,ダイナム安中店
群馬県,前橋市,スーパーDステーションガーデン前橋店
群馬県,前橋市,マルハン前橋天川大島店
群馬県,前橋市,やすだ前橋店
大阪府,箕面市,PAO千里店
群馬県,伊勢崎市,メガガイア伊勢崎東店
群馬県,伊勢崎市,Dステーション伊勢崎店
群馬県,みどり市,ビックマーチ桐生店
大阪府,大阪市北区,CUBA西梅田店
大阪府,大阪市北区,CUBA4th東梅田店
大阪府,大阪市北区,スロット123梅田店
大阪府,大阪市北区,大東洋本店
大阪府,大阪市北区,大東洋梅田店
大阪府,大阪市北区,大阪ホールメダルOh!!
大阪府,大阪市北区,ATIME梅田御堂筋店
大阪府,大阪市北区,四海樓梅田店
大阪府,大阪市淀川区,パラッツォ大阪三国店
大阪府,大阪市淀川区,マジックバード東三国
大阪府,大阪市淀川区,ブラックバード
大阪府,大阪市淀川区,マジックバード3
大阪府,大阪市淀川区,キコーナ阪急三国店
大阪府,大阪市淀川区,パールサーティーン
大阪府,大阪市淀川区,メトログラッチェ十三店
大阪府,大阪市淀川区,キコーナ十三店
大阪府,大阪市淀川区,マルハン加島店
大阪府,大阪市東淀川区,BONANZA
大阪府,大阪市東淀川区,上新庄一番
大阪府,大阪市東淀川区,KYORAKU淡路本店
大阪府,大阪市東淀川区,キコーナ西淡路店
大阪府,大阪市東淀川区,パーラーレクサス淡路店
大阪府,大阪市都島区,アミューズイチゴ
大阪府,大阪市旭区,キコーナ千林店
大阪府,大阪市旭区,123千林店
大阪府,大阪市城東区,マルハン今福店
大阪府,大阪市城東区,アミューズ城東&BBレジェンド
大阪府,大阪市城東区,アミューズ関目&BBハート
大阪府,大阪市城東区,アミューズ深江
大阪府,大阪市東成区,ベラジオ深江橋店
大阪府,大阪市東成区,123緑橋店
大阪府,大阪市東成区,SLOTZEST森ノ宮店
大阪府,大阪市鶴見区,キコーナ鶴見店
大阪府,大阪市鶴見区,マジックバード鶴見
大阪府,大阪市中央区,123難波店
大阪府,大阪市中央区,スロットシアター四海樓
大阪府,大阪市中央区,マルハンなんば本館
大阪府,大阪市中央区,四海樓本店
大阪府,大阪市中央区,ARROWnamBaHIPS
大阪府,大阪市天王寺区,マジックバード2
大阪府,大阪市天王寺区,ベラジオ寺田町店
大阪府,大阪市生野区,アミスター生野店
大阪府,大阪市阿倍野区,リッチウエル西田辺店
大阪府,大阪市阿倍野区,Platinum5
大阪府,大阪市阿倍野区,ヴィーナスギャラリー大阪店
大阪府,大阪市平野区,DAIICHI平野店
大阪府,大阪市平野区,イルサローネ平野店
大阪府,大阪市平野区,123長吉店
大阪府,大阪市西区,ZEROFIGHTER九条店
大阪府,大阪市港区,ベラジオ本店
大阪府,大阪市港区,K-POWERS大阪本店
大阪府,大阪市港区,123弁天町店
大阪府,大阪市港区,天保山テキサス
大阪府,大阪市福島区,miku:P+S
大阪府,大阪市此花区,ベラジオ西九条店
大阪府,大阪市西淀川区,イルサローネみてじま店
大阪府,大阪市浪速区,ARROW浪速店
大阪府,大阪市西成区,123玉出店
大阪府,大阪市西成区,デルーサマックス西成本店
大阪府,大阪市住吉区,123長居店
大阪府,大阪市住吉区,四海樓アタリヤ
大阪府,大阪市住吉区,アミューズ南住吉店
大阪府,大阪市住之江区,マルハン北加賀屋店
大阪府,大阪市住之江区,リッチウエル本店
大阪府,豊中市,ベラジオ庄内店
大阪府,豊中市,GIRASOLEASAHI
大阪府,豊中市,キコーナ豊中上津島店
大阪府,豊中市,アミューズ豊中店
大阪府,豊中市,キコーナ豊中南店
大阪府,池田市,ベラジオ石橋
大阪府,池田市,ゼニスコート
大阪府,池田市,イルサローネ池田店
大阪府,吹田市,キコーナ岸部店
大阪府,吹田市,ベラジオ江の木町店
大阪府,吹田市,キコーナJR吹田駅前店
大阪府,摂津市,123摂津店
大阪府,摂津市,マルハン摂津店
大阪府,茨木市,キコーナ茨木店
大阪府,茨木市,SUPERCOSMOPREMIUM茨木インター店
大阪府,茨木市,マルハン茨木店
大阪府,茨木市,キコーナタウン茨木彩都店
大阪府,高槻市,RITZ高槻店
大阪府,高槻市,プレミアSLOTLAB高槻店
大阪府,守口市,キコーナ守口店
大阪府,守口市,桃太郎
大阪府,守口市,クラウン守口店
大阪府,門真市,スロットベラジオ門真店
大阪府,門真市,ニコニコ大和田店
大阪府,門真市,テキサス門真
大阪府,門真市,イルサローネ大和田店
大阪府,寝屋川市,マルハン寝屋川店
大阪府,寝屋川市,ベラジオ寝屋川店
大阪府,寝屋川市,ARROW寝屋川池田店
大阪府,寝屋川市,ダイアナ香里園店
大阪府,寝屋川市,ニコニコ寝屋川南インター店
大阪府,寝屋川市,キコーナ寝屋川南店
大阪府,枚方市,G-ONE枚方宮之阪店
大阪府,枚方市,プレミア+ラボ枚方店
大阪府,枚方市,ニコニコ枚方店
大阪府,枚方市,ベガス1700枚方店
大阪府,枚方市,マルハン枚方店
大阪府,大東市,ニコニコ住道店
大阪府,大東市,SUPERCOSMOPREMIUM大東店
大阪府,大東市,マルハン大東店
大阪府,交野市,123交野店
大阪府,東大阪市,SUPERCOSMOPREMIUM東大阪店
大阪府,東大阪市,キコーナ東大阪店
大阪府,東大阪市,マルハン東大阪店
大阪府,東大阪市,マルハン布施店
大阪府,東大阪市,"LOVESLOT""H"""
大阪府,東大阪市,マルハンきずり店
大阪府,東大阪市,123東大阪店
大阪府,東大阪市,マルハン水走店
大阪府,東大阪市,がちゃぽん菱江店
大阪府,東大阪市,マルハン中石切店
大阪府,松原市,ARROW松原店
大阪府,松原市,123+N松原店
大阪府,松原市,スロット123松原店
大阪府,松原市,マルハン松原店
大阪府,八尾市,アミューズ八尾店
大阪府,八尾市,キコーナ八尾太子堂店
大阪府,八尾市,ARROW八尾駅前店
大阪府,八尾市,123ファースト八尾店
大阪府,八尾市,マルハン八尾泉店
大阪府,藤井寺市,イルサローネ藤井寺店
大阪府,羽曳野市,123+N羽曳野店
大阪府,羽曳野市,ゴルフ3
大阪府,羽曳野市,マルハンメガシティ羽曳野
大阪府,河内長野市,HYPERARROW松ヶ丘店
大阪府,河内長野市,123河内長野店
大阪府,堺市美原区,HYPERARROW美原店
大阪府,堺市堺区,グランキコーナ堺店
大阪府,堺市南区,ミクちゃんアリーナ泉ヶ丘店
大阪府,堺市南区,ARROW栂店
大阪府,堺市南区,マルハン原山台店
大阪府,堺市南区,HYPERARROW泉北店
大阪府,堺市南区,マルハン光明池店
大阪府,堺市南区,123泉北店
大阪府,泉南市,SUPERCOSMOPREMIUM泉南店
大阪府,泉南市,マルハン泉南店
大阪府,堺市堺区,モンロー
大阪府,堺市北区,キクヤ堺北店
大阪府,堺市西区,マルハンメガシティ堺
大阪府,堺市西区,123堺インター店
大阪府,和泉市,123和泉店
大阪府,和泉市,SUPERCOSMOPREMIUM和泉店
大阪府,和泉市,マルハン和泉店
大阪府,岸和田市,123春木ラパーク店
大阪府,岸和田市,SUPERCOSMOPREMIUM岸和田店
大阪府,貝塚市,イルサローネ貝塚店
大阪府,貝塚市,マルハン貝塚店
大阪府,泉佐野市,グランキコーナ泉佐野店
大阪府,泉佐野市,123泉佐野店
大阪府,泉佐野市,ZEROFIGHTER泉佐野店
大阪府,泉佐野市,ダイナム大阪泉佐野店
大阪府,阪南市,SUPERCOSMO尾崎店
大阪府,堺市東区,123北野田店
大阪府,堺市東区,ピールーツナイン
大阪府,堺市中区,HYPERARROW深井店
大阪府,堺市中区,ネオパティオ大阪堺店
兵庫県,神戸市中央区,123神戸店
兵庫県,神戸市中央区,ミクちゃんガイア春日野道店
兵庫県,神戸市中央区,アミューズ三宮店
兵庫県,神戸市中央区,ミクちゃんガイア三宮店
兵庫県,神戸市北区,モコ鈴蘭台店
兵庫県,神戸市北区,123五社店
兵庫県,神戸市北区,モコ田尾寺店
兵庫県,神戸市西区,マルハン新大蔵谷店
兵庫県,神戸市西区,マルカ伊川谷店
兵庫県,神戸市西区,ミクちゃんガイア西神戸店
兵庫県,神戸市西区,マルハン森友北店
兵庫県,神戸市西区,マルハン神戸店
兵庫県,神戸市西区,マルハンプレンティ店
兵庫県,神戸市西区,123岩岡店
兵庫県,神戸市兵庫区,オール湊川
兵庫県,神戸市兵庫区,ATIME新開地店
兵庫県,神戸市兵庫区,メトロワールド
兵庫県,神戸市兵庫区,メトロガーデン
兵庫県,神戸市兵庫区,ATIME本店
兵庫県,神戸市兵庫区,スーパーDステーション新開地店
兵庫県,神戸市長田区,ミクちゃんアリーナ新長田店
兵庫県,神戸市須磨区,ミクちゃんガイア板宿店
兵庫県,神戸市須磨区,ミクちゃんガイア板宿東店
兵庫県,神戸市須磨区,ミクちゃんガイア須磨店
兵庫県,神戸市東灘区,PSAヴィクトリースロット館
兵庫県,神戸市東灘区,キコーナ青木店
長野県,安曇野市,APULO1111
兵庫県,神戸市東灘区,ミクちゃんガイア住吉店
兵庫県,尼崎市,キコーナ立花南店
兵庫県,尼崎市,ミクちゃんガイア尼崎店
兵庫県,尼崎市,フォロ・マジョーレ390
兵庫県,尼崎市,HARIMAYA出屋敷店
兵庫県,尼崎市,a2パステ
兵庫県,尼崎市,ベラジオ尼崎
兵庫県,尼崎市,フォロ・マジョーレ661
兵庫県,尼崎市,キコーナ尼崎本店
兵庫県,尼崎市,キコーナ塚口店
兵庫県,尼崎市,キコーナ立花北店
兵庫県,西宮市,キコーナタウン今津店
兵庫県,伊丹市,ゼニスコート阪急伊丹店
兵庫県,伊丹市,ゼニスコートグランスロット
兵庫県,宝塚市,モナコ宝塚
兵庫県,宝塚市,123宝塚店
兵庫県,川西市,ソニックバレー1
兵庫県,川西市,123川西店
兵庫県,豊岡市,UFO豊岡
兵庫県,三田市,123新三田店
兵庫県,三田市,アミューズ三田
兵庫県,篠山市,ダイナム兵庫篠山店
兵庫県,丹波市,マルハン氷上店
兵庫県,朝来市,ダイナム兵庫和田山店
兵庫県,姫路市,マルハン姫路店
兵庫県,姫路市,マルハン姫路野里店
兵庫県,姫路市,プレイブランドフェニックス姫路駅前
兵庫県,姫路市,レオン駅前
兵庫県,姫路市,モナコ姫路本店
兵庫県,姫路市,Dステーション姫路店
兵庫県,姫路市,ヴィーナスギャラリー姫路白浜I店
兵庫県,姫路市,ヴィーナスギャラリー姫路白浜II店
兵庫県,姫路市,人生劇場姫路
兵庫県,姫路市,アップル姫路
兵庫県,姫路市,ヴィーナスギャラリー姫路II店
兵庫県,明石市,モナコ西明石
兵庫県,三木市,ミクちゃんガイア三木店
兵庫県,三木市,123三木店
兵庫県,明石市,ミリオン明石店
兵庫県,明石市,マルハン明石大久保店
兵庫県,明石市,AISEN
兵庫県,加古川市,キコーナ加古川店
兵庫県,加古川市,夢屋加古川店
兵庫県,加古川市,モナコリゾート
兵庫県,加古川市,ミクちゃんガイア加古川ジョイパーク店
兵庫県,加古川市,マルハン加古川店
兵庫県,加古川市,マルハン新加古川店
兵庫県,加古川市,ミクちゃんガイアアリーナ店
兵庫県,加古川市,メガガイア土山店
兵庫県,加古川市,モナコ別府
兵庫県,小野市,5カラット小野店
兵庫県,西脇市,マルハン西脇店
兵庫県,相生市,モナコ相生
兵庫県,赤穂市,アビック赤穂店
兵庫県,赤穂市,マルハン赤穂店
兵庫県,姫路市,モナコ香寺
兵庫県,姫路市,レオン
兵庫県,たつの市,モナコ龍野
滋賀県,大津市,DurhamS-1
滋賀県,大津市,ドラゴン堅田
滋賀県,大津市,レークプラザ大津
滋賀県,大津市,石山オメガ
滋賀県,大津市,DOME大津
滋賀県,大津市,BM瀬田店
滋賀県,大津市,八楼館
滋賀県,栗東市,オメガミュージアム栗東
滋賀県,湖南市,エンターテイメントオメガ湖南店
滋賀県,湖南市,BM湖南店
滋賀県,甲賀市,イチバン甲南店
滋賀県,米原市,ダイナム近江店
滋賀県,米原市,ARENA米原
滋賀県,彦根市,マルハン彦根店
滋賀県,彦根市,ビックディッパー彦根店
滋賀県,彦根市,オーギヤ彦根店
滋賀県,彦根市,キング観光サウザンド彦根店
滋賀県,近江八幡市,クラウン本店
滋賀県,近江八幡市,ファルコン近江八幡1番館
滋賀県,近江八幡市,ドラゴン近江八幡2番館
滋賀県,守山市,ドラゴン守山1番館
滋賀県,守山市,ドラゴン守山2番館
滋賀県,守山市,BM守山店
滋賀県,草津市,ワイド駒井沢店
滋賀県,草津市,イチバン草津店
滋賀県,草津市,ドラゴン草津店
滋賀県,東近江市,BM八日市店
滋賀県,甲賀市,水口ユニオン
滋賀県,甲賀市,GRANDG-ONE甲賀水口店
滋賀県,長浜市,イチバン湖北店
滋賀県,長浜市,ダイナム滋賀湖北店
滋賀県,愛知郡愛荘町,ドラゴン愛知川
滋賀県,東近江市,ドラゴン五個荘
京都府,京都市下京区,ビックディッパー京都駅前店
京都府,京都市下京区,京都駅前ラッキー
京都府,京都市上京区,スーパードーム千本中立売店
京都府,京都市上京区,キング千本店
京都府,京都市北区,エンターテイメントオメガ白梅町店
京都府,京都市中京区,エンターテイメントオメガ寺町
京都府,京都市中京区,キング河原町店
京都府,京都市中京区,アミューズ河原町丸太町
京都府,京都市中京区,大宮オメガ
京都府,京都市中京区,キング西円町店
京都府,京都市東山区,F-1
京都府,京都市左京区,エンターテイメントオメガ北白川店
京都府,宇治市,ビックディッパー大久保店
京都府,宇治市,エンターテイメントオメガ槇島
京都府,宇治市,ぱちんこ村
京都府,京都市伏見区,スーパードーム桃山店
京都府,京都市伏見区,センター
京都府,京都市伏見区,スーパードーム新堀川店
京都府,八幡市,KINGOFKINGS八幡店
京都府,京都市右京区,スーパードーム西院店
京都府,京都市右京区,梅津KBグランド
京都府,京都市西京区,オメガ千代原口2番館
京都府,京都市西京区,スーパードーム桂店
京都府,京都市右京区,嵯峨野ラッキー
京都府,向日市,エンターテイメントオメガ向日市
京都府,亀岡市,ワールド篠店
京都府,綾部市,シルク
京都府,舞鶴市,スーパードーム舞鶴店
京都府,舞鶴市,ヤング舞鶴店
京都府,舞鶴市,ドリームドリーム1
京都府,京丹後市,マルハン峰山店
京都府,与謝郡与謝野町,スーパードーム野田川店
奈良県,奈良市,マルハン大安寺店
奈良県,天理市,マルハン天理店
奈良県,天理市,123天理店
奈良県,天理市,ARROW天理店
奈良県,橿原市,123+N橿原店
奈良県,橿原市,マルハン橿原北店
奈良県,橿原市,マルハン橿原南店
奈良県,橿原市,SUPERCOSMO橿原店
奈良県,橿原市,フェイス860橿原
奈良県,大和高田市,スーパードーム大和高田店
奈良県,北葛城郡王寺町,ジェーピー333王寺駅前店
奈良県,北葛城郡王寺町,ジャンボアロー
奈良県,北葛城郡河合町,マルハン法隆寺インター店
奈良県,北葛城郡河合町,ARROW法隆寺店
奈良県,北葛城郡上牧町,がちゃぽん上牧店
奈良県,北葛城郡上牧町,マルハン上牧店
奈良県,香芝市,SUPERCOSMOPREMIUM香芝店
奈良県,大和郡山市,ARROW大和小泉店
和歌山県,紀の川市,ダイナム貴志川店
和歌山県,和歌山市,123CiTY!WAKAYAMA店
和歌山県,和歌山市,マルハンぶらくり丁店
和歌山県,和歌山市,マルハン和歌山インター店
和歌山県,和歌山市,123和歌山インター店
和歌山県,和歌山市,マルハン和歌山湊店
和歌山県,和歌山市,スロット123梶取店
和歌山県,和歌山市,LOVE延時店
和歌山県,和歌山市,スーパーフジ大谷店
和歌山県,和歌山市,123+N和歌山本店
和歌山県,和歌山市,123塩屋店
和歌山県,有田郡有田川町,パーラーフジ吉備店
和歌山県,新宮市,キング観光新宮店
和歌山県,橋本市,ダイナム橋本店
和歌山県,岩出市,ウイング岩出店
和歌山県,岩出市,アミューズ岩出店
愛知県,豊橋市,プレイランド名宝
愛知県,豊橋市,タイキ豊橋仲ノ店
愛知県,豊橋市,ラスベガス大橋通店
愛知県,豊橋市,名宝飯村店
愛知県,豊橋市,タイキ豊橋前田南店
愛知県,豊橋市,オーギヤ豊橋駅前店
愛知県,豊川市,ベガス豊川店
愛知県,田原市,オーギヤXO
愛知県,田原市,オータ田原店
愛知県,豊橋市,ZENT豊橋藤沢店
愛知県,豊橋市,オーギヤWO
愛知県,豊橋市,タイキ豊橋藤沢店
愛知県,豊橋市,オータ西店
愛知県,豊橋市,オータ豊橋店
愛知県,豊橋市,がちゃぽん南店
愛知県,豊橋市,名宝曙店
愛知県,豊橋市,スロット名宝
愛知県,豊橋市,オーギヤチャンピオン
愛知県,豊川市,ABC豊川店
愛知県,豊川市,オーギヤDO
愛知県,豊川市,ラスベガス豊川店
愛知県,豊川市,タイホウ豊川店
愛知県,豊川市,タイキ豊川住吉店
愛知県,豊川市,豊川コロナ
愛知県,豊川市,オータ豊川店
愛知県,豊川市,オーギヤGO
愛知県,蒲郡市,コスモジャパン三谷店
愛知県,蒲郡市,コスモジャパン蒲郡店
愛知県,岡崎市,コスモジャパン東店
愛知県,西尾市,コスモジャパン西尾店
愛知県,西尾市,マックス一色店
愛知県,西尾市,ミカド吉良吉田店
愛知県,岡崎市,ZENT上地店
愛知県,岡崎市,スロットベルネス岡崎店
愛知県,岡崎市,新宿観光六名店
愛知県,岡崎市,プリンス800
愛知県,高浜市,マリオン高浜店
愛知県,高浜市,メガスロットコンコルド345吉浜店
愛知県,岡崎市,Zing大樹寺店
愛知県,岡崎市,コスモジャパン北店
愛知県,西尾市,オーギヤ西尾店
愛知県,西尾市,サンパレス西尾
愛知県,西尾市,メガコンコルド555西尾店
愛知県,安城市,オーギヤ安城店
愛知県,安城市,マルハン安城店
愛知県,安城市,ZENT住吉店
愛知県,碧南市,APAN21碧南店
愛知県,刈谷市,名宝刈谷店
愛知県,刈谷市,マルシン777
愛知県,刈谷市,マルシン東刈谷店
愛知県,刈谷市,ZENT刈谷店
愛知県,名古屋市中村区,Cochi・Pachi
愛知県,名古屋市西区,KYORAKU西店
愛知県,名古屋市西区,キャッスル大金店
愛知県,名古屋市西区,プレイランドキャッスルワンダー店
愛知県,清須市,ミカドキング&スター
愛知県,名古屋市中村区,タイホウ亀島店
愛知県,名古屋市中村区,ウイングレット
愛知県,名古屋市中村区,タイホウ豊国店
愛知県,名古屋市中川区,タイホウ名駅南店
愛知県,名古屋市中川区,KEIZ中川運河店
愛知県,名古屋市中川区,マリオン十番町店
愛知県,名古屋市中川区,マリオン長良橋西店
愛知県,名古屋市中川区,大統領中川店
愛知県,名古屋市中川区,マルハン中川店
愛知県,名古屋市中川区,SR21中川店
愛知県,名古屋市中川区,プレイランドトミダ
愛知県,名古屋市中川区,GOLD玉越中川店
愛知県,名古屋市港区,G-SITEGIGA1000ミナト木場インター店
愛知県,名古屋市港区,メガコンコルド1220名古屋みなと23号通り店
愛知県,名古屋市港区,RAINBOW港店
愛知県,名古屋市熱田区,プレイランドキャッスル熱田店
愛知県,名古屋市熱田区,タイホウ熱田六番南店
愛知県,名古屋市南区,キング観光笠寺店
愛知県,名古屋市南区,サンシャインKYORAKU南
愛知県,名古屋市緑区,タイホウ篭山店
愛知県,名古屋市緑区,タイホウ相原店
愛知県,名古屋市緑区,グランドオータ888鳴海店
愛知県,名古屋市緑区,タイホウ鳴海店
愛知県,名古屋市緑区,GOLD玉越桶狭間店
愛知県,名古屋市緑区,KEIZ大高店
愛知県,名古屋市中区,サンシャインKYORAKU栄
愛知県,名古屋市中区,キング観光サウザンド栄住吉店
愛知県,名古屋市中区,キング観光サウザンド栄若宮大通店
愛知県,名古屋市中区,ベイシティ名宝大須店
愛知県,名古屋市中区,キング観光サウザンド金山店
愛知県,名古屋市東区,プレイランドキャッスル大曽根店
愛知県,名古屋市東区,100℃大曽根店
愛知県,小牧市,メガガイア小牧スロット館
愛知県,名古屋市北区,ミカド観光大曽根店
愛知県,名古屋市北区,タイホウ黒川東店
愛知県,名古屋市守山区,100℃守山店
愛知県,名古屋市守山区,ダイエー守山店
愛知県,名古屋市守山区,GOLD玉越本店
愛知県,名古屋市守山区,GOGO千代田
愛知県,名古屋市守山区,マルハン新守山駅前店
愛知県,名古屋市守山区,タイホウ守山店
愛知県,名古屋市千種区,キング観光サウザンド今池2号店
愛知県,名古屋市千種区,ベガビック今池店
愛知県,名古屋市千種区,コスモジャパン今池店
愛知県,知立市,イーグルNO.1
愛知県,名古屋市名東区,ZENT猪高店
愛知県,名古屋市名東区,プレイランドキャッスル上社店
愛知県,名古屋市名東区,キング会館名東店
愛知県,名古屋市昭和区,大丸桜山店
愛知県,名古屋市瑞穂区,KYORAKU妙音通店
愛知県,名古屋市天白区,KOHAKU天白店
愛知県,名古屋市天白区,東宝プラザ野並店
愛知県,名古屋市天白区,サンシャインKYORAKU植田
愛知県,日進市,僕のAパン日進店
愛知県,日進市,ラッキー1BAN日進竹の山店
愛知県,愛知郡東郷町,ZENT和合ヶ丘店
愛知県,愛知郡東郷町,GOLD玉越東郷店
愛知県,みよし市,タイホウ三好店
愛知県,豊田市,ZENT大清水店
愛知県,豊田市,GOLD玉越浄水店
愛知県,豊田市,GOLD玉越フジオカ店
愛知県,豊明市,KYORAKU豊明店
愛知県,豊明市,有楽阿野店
愛知県,豊田市,Aパンぐりーんおあしす
愛知県,知多郡東浦町,マルハン東浦店
愛知県,知多郡武豊町,有楽口田店
愛知県,豊田市,APANCLUBハイ-ブリっヂ
愛知県,豊田市,ZENT小坂店
愛知県,豊田市,yout丸根店
愛知県,豊田市,APANCLUB山ノ手店
愛知県,豊田市,メガコンコルド1020豊田インター店
愛知県,豊田市,リブレ-遊援館
愛知県,豊田市,ZENT下市場店
愛知県,知立市,Aパンクラブ弘法通り店
愛知県,豊田市,ZENT若林店
愛知県,大府市,ラッキープラザ600大府店
愛知県,大府市,有楽大東店
愛知県,大府市,PAO共和店
愛知県,大府市,有楽森岡店
愛知県,大府市,有楽共和店
愛知県,大府市,コスモジャパン大府店
愛知県,半田市,ミカド半田店
愛知県,半田市,オーギヤ半田店
愛知県,半田市,有楽東浜店
愛知県,半田市,半田コロナ
愛知県,半田市,キング666半田店
愛知県,半田市,有楽住吉北店
愛知県,東海市,パチンコワイド
愛知県,東海市,G7
愛知県,東海市,キング666東海店
愛知県,東海市,KYORAKU東海店
愛知県,知多市,プレイランドキャッスル知多東海店
愛知県,知多市,ニュージャンボ
愛知県,知多市,コンコルド知多店
愛知県,常滑市,マリオンガーデン1000
愛知県,丹羽郡大口町,メガコンコルド1177大口41号通り店
愛知県,春日井市,名宝春日井店
愛知県,長久手市,ZENT長久手店
愛知県,北名古屋市,ミカド師勝店
愛知県,北名古屋市,東宝プラザ師勝店
愛知県,岩倉市,キャッスル岩倉店
愛知県,江南市,ミカドワールド店
愛知県,江南市,オーギヤ江南店
愛知県,江南市,KEIZ江南店
愛知県,小牧市,パーラーワールド小牧店
愛知県,小牧市,プレイランドキャッスル小牧店
愛知県,小牧市,マルハン小牧店
愛知県,春日井市,GOLD玉越春日井インター店
愛知県,春日井市,ジェーピー888
愛知県,春日井市,APAN21勝川店
愛知県,春日井市,コロナ春日井店
愛知県,尾張旭市,KEIZ尾張旭店
愛知県,瀬戸市,マックス瀬戸店
愛知県,瀬戸市,リブレ尾張瀬戸
愛知県,あま市,マリオン甚目寺森店
愛知県,あま市,イクサム甚目寺店
愛知県,弥富市,DEL弥富店
愛知県,一宮市,キング666一宮店
愛知県,一宮市,ミカド千秋店
静岡県,駿東郡清水町,ABC清水町長沢店
愛知県,一宮市,メガガイア一宮
愛知県,一宮市,ミカド一宮本店
愛知県,稲沢市,タイキ稲沢駅前店
愛知県,稲沢市,ミカド稲沢店
愛知県,稲沢市,メガコンコルド1280稲沢店
愛知県,稲沢市,ZENT稲沢店
愛知県,一宮市,ZENT木曽川店
愛知県,一宮市,マルハン木曽川店
愛知県,一宮市,コンコルド800一宮尾西インター店
愛知県,稲沢市,夢屋祖父江店
愛知県,津島市,ラッキープラザ津島店
愛知県,愛西市,コンコルド880愛西日比野駅前店
愛知県,あま市,ラッキープラザ名古屋西インター七宝店
愛知県,海部郡蟹江町,がちゃぽん蟹江店
静岡県,沼津市,楽園沼津店
静岡県,沼津市,プレイステーションタムラ香貫店
静岡県,沼津市,マルハン沼津店
静岡県,沼津市,コンコルド沼津店1・2
静岡県,裾野市,マルハン裾野北店
静岡県,伊豆の国市,プレイステーションタムラ古奈店
静岡県,伊豆の国市,パーラーツイン
静岡県,伊豆の国市,レインボーながおか
静岡県,伊豆の国市,アプリイ伊豆の国
静岡県,伊豆市,レインボー修善寺本店
静岡県,三島市,新甲子園
静岡県,三島市,ABC三島二日町店
静岡県,駿東郡清水町,アミューズメントステーションタムラ清水町店
静岡県,駿東郡長泉町,ABC下土狩店
静岡県,御殿場市,ドキわくランド御殿場店
静岡県,御殿場市,フジコー御殿場店
静岡県,,タイホー御殿場大坂
静岡県,御殿場市,タイホー御殿場ぐみ沢
静岡県,御殿場市,マルハン萩原東店
静岡県,御殿場市,ABC御殿場川島田店
静岡県,伊東市,SLOTDOLPHiN
静岡県,伊東市,ABC伊東吉田店
静岡県,伊東市,プレイステーションタムラ伊東店
静岡県,富士市,マルハン吉原店
静岡県,富士市,ABC富士荒田島店
静岡県,富士市,マルハン荒田島店
静岡県,富士市,ABC富士弥生通り店
静岡県,富士市,FUJIMIインター店
静岡県,富士宮市,ABC富士宮万野原店
静岡県,富士宮市,コンコルド富士宮店
静岡県,富士宮市,ABC富士宮浅間町店
静岡県,富士宮市,マルハン富士宮駅南店
静岡県,田方郡函南町,マルハン函南店
静岡県,田方郡函南町,プレイステーションタムラ函南本店
静岡県,富士市,マルハン鷹岡店
静岡県,富士市,FUJIMI鷹岡店
静岡県,静岡市葵区,ABC静岡柳町店
静岡県,静岡市葵区,コンコルド静岡紺屋町店1・2
静岡県,静岡市葵区,パチンコプラザ瀬名店
静岡県,静岡市葵区,アプリイ新伝馬
静岡県,静岡市駿河区,マルハン東新田店
静岡県,榛原郡吉田町,マルハン吉田店
静岡県,牧之原市,PAO牧之原店
静岡県,牧之原市,タイホー相良
静岡県,静岡市葵区,アプリイ千代
静岡県,富士市,アプリイ富士川
静岡県,静岡市駿河区,マルハンメガシティ静岡
静岡県,静岡市駿河区,コンコルド静岡緑が丘店
静岡県,静岡市駿河区,ABC静岡寿町店
静岡県,静岡市駿河区,アプリイ中原
静岡県,静岡市清水区,マルハン袖師店
静岡県,静岡市清水区,パチンコプラザ袖師
静岡県,静岡市清水区,ABC清水袖師町店
静岡県,静岡市清水区,コンコルド清水大曲店
静岡県,静岡市清水区,マルハン村松店
静岡県,静岡市清水区,ラスベガス清水店
静岡県,焼津市,パチンコプラザ150号店
静岡県,焼津市,コンコルド焼津惣右衛門店
静岡県,焼津市,マルハン焼津店
静岡県,焼津市,ABC焼津三ケ名店
静岡県,焼津市,FUJIMI西焼津店
静岡県,焼津市,コンコルド東名店
静岡県,藤枝市,パチンコプラザ大手店
静岡県,藤枝市,ABC藤枝緑町店
静岡県,藤枝市,コンコルド築地東店
静岡県,島田市,コンコルド島田駅前店
静岡県,島田市,マルハン島田店
静岡県,島田市,ABC島田稲荷店
静岡県,浜松市南区,YUMEYA浜松大柳店
静岡県,浜松市中区,楽園浜松ザザシティ店
静岡県,浜松市西区,コンコルド浜松雄踏店
静岡県,浜松市西区,スリーエー1・2
静岡県,湖西市,国際ランド
静岡県,浜松市東区,セブンラック有玉店
静岡県,浜松市中区,JUMBOプラス888
静岡県,浜松市中区,ABC浜松森田町店
静岡県,浜松市南区,セブンラック若林店
静岡県,浜松市南区,マルハン若林店
静岡県,浜松市西区,ローレル志都呂店
静岡県,浜松市北区,タイホー浜松三幸町
静岡県,浜松市中区,タイホー高丘
静岡県,浜松市中区,マルハン浜松泉店
静岡県,浜松市浜北区,コンコルド浜松於呂店
静岡県,浜松市浜北区,ABC浜北店
静岡県,浜松市東区,JUMBOPARK777大蒲店
静岡県,浜松市東区,楽園上新屋店
静岡県,浜松市東区,ABC浜松小池町店
静岡県,掛川市,コンコルド掛川店
静岡県,掛川市,ABC掛川細田店
静岡県,掛川市,アプリイ塩町
静岡県,袋井市,楽園袋井店
静岡県,袋井市,ABC袋井山科店
静岡県,袋井市,マルハン袋井店
静岡県,御前崎市,コンコルド御前崎店
静岡県,磐田市,タイキ1333磐田南店
静岡県,磐田市,ABC磐田中泉店
静岡県,磐田市,オーギヤ磐田店
静岡県,菊川市,アプリイ菊川
静岡県,菊川市,コンコルド菊川店
山梨県,甲府市,マルハン甲府店
山梨県,甲斐市,ABC甲斐敷島店
山梨県,南アルプス市,マルハン南アルプス店
山梨県,甲府市,ニューアサヒ甲府南店
山梨県,甲府市,ニューダイヤインフィニティ
山梨県,笛吹市,ABC笛吹石和店
山梨県,笛吹市,マルハン石和店
山梨県,韮崎市,マルハン韮崎店
山梨県,韮崎市,ABC韮崎竜岡店
山梨県,中巨摩郡昭和町,ABC甲府アルプス通り店
山梨県,中巨摩郡昭和町,ニューアサヒ甲府昭和店
長野県,長野市,銀星
長野県,長野市,マルハンメガシティ長野
長野県,長野市,チャンピオンBelz
長野県,長野市,ニュートーキョー若穂店
長野県,長野市,ニュートーキョー青木島店
長野県,長野市,ニュートーキョー篠ノ井店
長野県,中野市,よろこびの街100万ドル中野店
長野県,中野市,ニュートーキョー中野店
長野県,小諸市,夢屋小諸店
長野県,佐久市,よろこびの街100万ドルアムアム店
長野県,上田市,ニューアサヒ上田インター店
長野県,上田市,よろこびの街100万ドル上田インター店
長野県,上田市,キング上田店
長野県,上田市,ニューアサヒ上田店
長野県,上田市,がちゃぽん上田店
長野県,千曲市,U・パーク
長野県,松本市,APULO1松本梓店
長野県,松本市,ABC松本白板店
長野県,諏訪市,チャンピオン諏訪店
長野県,諏訪市,スロットクラブジオ
長野県,諏訪市,ニューアサヒ高島店
長野県,岡谷市,ニューアサヒ岡谷天竜店
長野県,飯田市,チャンピオン飯田店
長野県,飯田市,APULO飯田店
長野県,飯田市,ニューアサヒ上飯田店
長野県,飯田市,オーギヤ飯田店
長野県,伊那市,チャンピオン伊那店
長野県,大町市,APULO大町店
長野県,松本市,マルハン松本店
長野県,松本市,KEIZ松本店
長野県,松本市,ラッシュ松本
長野県,塩尻市,APULO塩尻北インター店
長野県,塩尻市,APULO811
長野県,塩尻市,キング塩尻店
長野県,上伊那郡箕輪町,インディ伊北インター店
長野県,上伊那郡箕輪町,ニューアサヒ箕輪店
長野県,安曇野市,ベガス1200安曇野店
岐阜県,岐阜市,ZENT市ノ坪店
岐阜県,岐阜市,VEGAS1200岐阜六条店
岐阜県,岐阜市,KEIZ岐阜六条店
岐阜県,岐阜市,マルハン岐阜六条店
岐阜県,岐阜市,キクヤ本店
岐阜県,瑞穂市,グリフィン穂積店
岐阜県,本巣市,オーギヤ本巣店
岐阜県,本巣市,グランワールドカップ本巣店
岐阜県,本巣市,マリオンガーデン岐阜本店
岐阜県,関市,ビッグマックス関店
岐阜県,関市,ラッキープラザ900関店
岐阜県,美濃市,KEIZ美濃インター店
岐阜県,羽島市,マリオン羽島インター北店
岐阜県,羽島市,コンコルド777岐阜羽島駅前店
岐阜県,岐阜市,キクヤ長良店
岐阜県,安八郡輪之内町,パチンコ富士養老店
岐阜県,大垣市,大垣コロナ
岐阜県,大垣市,プレイランドキャッスル大垣店
岐阜県,大垣市,メガコンコルド1515大垣インター南店
岐阜県,揖斐郡池田町,ウイング池田南店
岐阜県,各務原市,ZENT各務原店
岐阜県,各務原市,グランワールドカップ各務原店
岐阜県,美濃加茂市,ウイング美濃加茂店
岐阜県,美濃加茂市,プレイランドサンワ美濃加茂店
岐阜県,加茂郡坂祝町,ZENT坂祝店
岐阜県,可児郡御嵩町,ウイング御嵩店
岐阜県,高山市,ビッグマックス高山店
岐阜県,高山市,レッドバルーン
岐阜県,高山市,KIBUN
岐阜県,高山市,夢屋高山店
岐阜県,多治見市,VEGAS1050
岐阜県,多治見市,ZENT多治見店
岐阜県,可児市,ラッキープラザ1010可児店
岐阜県,可児市,パチンコFUJI可児店
岐阜県,可児市,ZENT可児店
岐阜県,高山市,キング666飛騨高山店
岐阜県,土岐市,KEIZ土岐店
岐阜県,土岐市,エアポート777土岐店
岐阜県,瑞浪市,キング666瑞浪インター店
岐阜県,恵那市,オーギヤ恵那店
岐阜県,恵那市,夢屋恵那店
岐阜県,中津川市,ベガス888
新潟県,長岡市,ニューラッキー要町店
新潟県,長岡市,マルハン長岡平島店
新潟県,長岡市,スロットニューラッキー古正寺店
新潟県,長岡市,スロットZAP長岡インター店
新潟県,上越市,アムディ石橋
新潟県,上越市,ミッド・ガーデン上越店
新潟県,上越市,DAMZ上越店
新潟県,上越市,スーパーDステーション上越店
新潟県,柏崎市,DAMZ柏崎店
新潟県,魚沼市,DAMZ小出店
新潟県,小千谷市,DAMZ小千谷店
新潟県,小千谷市,パチンコ玉三郎小千谷店
新潟県,十日町市,DAMZ十日町きらめき店
新潟県,南魚沼市,DAMZ塩沢店
新潟県,南魚沼市,DAMZ六日町店
新潟県,新潟市東区,マルハン松島店
新潟県,新潟市東区,D'sclub河渡店
新潟県,新潟市東区,DAMZinn紫竹店
新潟県,新潟市東区,DAMZ竹尾インター本店
新潟県,新潟市東区,SLOTZAP竹尾店
新潟県,新潟市東区,DAMZ木戸店
新潟県,新潟市東区,コンサートホール上木戸店
新潟県,新潟市中央区,ミッド・ガーデン堀之内店
新潟県,新潟市西区,DAMZ小新店
新潟県,新潟市西区,DAMZ寺尾店
新潟県,見附市,DAMZ見附今町店
新潟県,三条市,マルハン東三条店
新潟県,新発田市,マルハン新発田店
新潟県,新発田市,ミッド・ガーデン新発田店
新潟県,村上市,DAMZ村上店
新潟県,燕市,コンサートホール吉田店
新潟県,燕市,DAMZ県央店
新潟県,三条市,D'sclub燕三条店
新潟県,新潟市秋葉区,D'sclub新津店
新潟県,燕市,D'sclub分水店
新潟県,胎内市,ビーディー胎内店
新潟県,村上市,DAMZinn坂町店
富山県,富山市,クィーンオブノースランド呉羽店
富山県,富山市,ハイパーノースランド豊田店
富山県,富山市,クァトロブーム富山田中町
富山県,富山市,マルハン富山店
富山県,富山市,タイヨーネオ富山店
富山県,小矢部市,ノースランド小矢部店
富山県,高岡市,KINGOFNORTHLAND吉久店
富山県,高岡市,タイヨーネオ高岡店
新潟県,五泉市,D'sclub五泉店
新潟県,阿賀野市,D'sclub水原店
富山県,高岡市,KEIZ高岡店
富山県,高岡市,クィーンオブノースランド佐野店
富山県,氷見市,クィーンオブノースランド氷見店
富山県,滑川市,クィーンオブノースランド滑川店
富山県,魚津市,KINGOFNORTHLAND魚津店
富山県,黒部市,KINGOFNORTHLAND黒部店
富山県,砺波市,クィーンオブノースランド砺波店
富山県,砺波市,スーパードーム砺波店
富山県,富山市,KINGOFNORTHLAND富山店
富山県,富山市,マルハン富山インター店
石川県,金沢市,eZone金沢店
石川県,金沢市,KEIZLAPARK金沢店
石川県,加賀市,マルハン加賀店
石川県,加賀市,夢屋加賀店
石川県,小松市,マルハン小松店
福井県,福井市,P.A.自遊時館
福井県,福井市,マルハン福井店
福井県,福井市,マルハン福井大和田店
福井県,福井市,タイヨーネオ福井店
福井県,大野市,マルハン大野店
福井県,敦賀市,FULLSLOT
福井県,越前市,クァトロブーム武生
福井県,越前市,タイヨーネオ越前店
福井県,鯖江市,タイヨーネオ鯖江店
福井県,鯖江市,タイヨーネオ北野店
福井県,坂井市,ALEAWORLD春江店
三重県,四日市市,MGM四日市店
三重県,四日市市,ウイング金場店
三重県,鈴鹿市,富士サーキット店
三重県,鈴鹿市,ホームラン白子店
三重県,津市,ウイング河芸店
三重県,四日市市,マルハン四日市北店
三重県,四日市市,ウイング四日市中央店
三重県,四日市市,ホームラン四日市店
三重県,四日市市,タイキ1010四日市泊小柳店
三重県,四日市市,スーパードーム四日市店
三重県,四日市市,マルハン四日市店
三重県,三重郡菰野町,ウイング菰野店
三重県,三重郡菰野町,ホームラン菰野店
三重県,四日市市,ラッキープラザ四日市北店
三重県,桑名市,G-SITE桑名多度店
三重県,員弁郡東員町,パチンコ富士員弁店
三重県,いなべ市,キング観光いなべ店
三重県,桑名市,キング観光サウザンド桑名本店
三重県,桑名市,ウイング桑名店
三重県,桑名市,マリオンガーデン1300桑名店
三重県,四日市市,Suns四日市インター店
三重県,鈴鹿市,キング観光サウザンド鈴鹿店
三重県,鈴鹿市,ホームラン平田店
三重県,鈴鹿市,ぱちんこ富士玉垣店
三重県,鈴鹿市,マルハン鈴鹿店
三重県,鈴鹿市,ランドマーク鈴鹿店
三重県,津市,キング観光サウザンド津店
三重県,津市,マルハン津店
三重県,津市,A-FLAG津店
三重県,津市,ホームラン津店
三重県,津市,がちゃぽん久居インターガーデン店
三重県,津市,ランドマーク久居店
三重県,津市,ダイナム三重芸濃店
三重県,松阪市,マルハン松阪店
三重県,松阪市,ダイナム松阪店
三重県,松阪市,ウイング松阪南店
三重県,伊勢市,キング観光伊勢店
三重県,松阪市,MGM松阪店
三重県,伊勢市,タイキ伊勢小木店
三重県,伊勢市,ハワイ伊勢店
三重県,伊勢市,ダイナム御薗店
三重県,伊賀市,KEIZアピタ伊賀上野店
三重県,名張市,キング観光名張店
三重県,名張市,マルハン新名張店
三重県,伊賀市,スーパードーム上野
三重県,伊賀市,マルハン上野店
三重県,亀山市,サン亀山店
三重県,松阪市,BIGBAN松阪店
三重県,尾鷲市,キング観光尾鷲店
三重県,熊野市,キング観光熊野店
広島県,福山市,K-1500
広島県,福山市,333(スリースリー)
広島県,福山市,RoseGardenローズガーデン
広島県,福山市,666(スリーシックス)
広島県,福山市,222(スリーツー)
広島県,福山市,999(スリーナイン)
広島県,福山市,アクシスプラス
広島県,福山市,グレートハリウッド800&アルファー
広島県,尾道市,Plus-7(プラスセブン)
広島県,尾道市,Plus-3(プラススリー)
広島県,三原市,ランドマーク三原
広島県,三原市,ワシントンエクセル店
広島県,三原市,ビクトリーI
広島県,三原市,ビクトリー三原店
広島県,三原市,ワシントン中央店
広島県,三次市,ビクトリースロット
広島県,福山市,Plus-2(プラスツー)
広島県,呉市,SUPEROZ600
広島県,福山市,Plus-1(プラスワン)
広島県,広島市中区,流川ビクトリー
広島県,広島市中区,タワービクトリー
広島県,広島市中区,ハイパーハリウッド
広島県,広島市中区,トーヨー河原町店
広島県,広島市安佐南区,アクアプローバ
広島県,広島市安佐南区,アポロン345
広島県,広島市安佐北区,Rose&Pia(ローズアンドピア)
広島県,広島市安佐南区,サンズビクトリー
広島県,広島市佐伯区,ビータプローバ
広島県,広島市佐伯区,プローバ八幡店
広島県,広島市佐伯区,LEO五日市駅前
広島県,広島市佐伯区,トーヨー中央店
広島県,広島市佐伯区,ZORRO五日市
広島県,広島市佐伯区,LEOPark
広島県,広島市東区,スーパーハリウッド矢賀
広島県,広島市南区,ジャンボマックス大州店
広島県,広島市南区,ZAPP段原店
広島県,広島市南区,ナショナル会館
広島県,広島市西区,ナイアガラ2
広島県,広島市南区,スーパーハリウッド宇品&アルファー
広島県,広島市南区,宇品グランドパレス
広島県,広島市南区,ハリウッド東雲
広島県,呉市,マリンスタジアムOZ
広島県,呉市,タイヨー呉店
広島県,呉市,ZORRO呉中通り
広島県,呉市,デュエルゴッド
広島県,呉市,パーラーゴッド
広島県,呉市,スロットハウスグランド
広島県,呉市,パーラー大学広店
広島県,呉市,広ビクトリー
広島県,江田島市,喜楽王
広島県,廿日市市,プローバ廿日市木材港店
広島県,廿日市市,マルハン廿日市店
広島県,廿日市市,フレンド3
広島県,東広島市,アンコールIII
広島県,東広島市,ビクトリー本店
広島県,東広島市,アンコールII
広島県,東広島市,ビクトリー新幹線駅前店
広島県,東広島市,ツインビクトリースロット
広島県,東広島市,ビクトリーガーデンスロット
広島県,東広島市,ビクトリー磯松店
広島県,大竹市,大竹マルハチ
広島県,広島市安佐北区,ZAPP高陽店
広島県,東広島市,ロッソプローバ
山口県,柳井市,スーパーハリウッド柳井
山口県,柳井市,丸三柳井店
山口県,下松市,マルハン下松店
山口県,周南市,スーパーハリウッド周南
山口県,周南市,ビッグアップル.周南
山口県,周南市,マルハン周南店
山口県,防府市,RITZ防府店
山口県,下関市,永楽本店
山口県,山口市,スーパーハリウッド新山口
山口県,宇部市,マルハン宇部店
山口県,宇部市,宇部アリーナ21
山口県,宇部市,プローバ宇部店
岡山県,岡山市北区,スーパーハリウッド800
岡山県,岡山市北区,スーパーハリウッド富町
岡山県,岡山市南区,123浜野店
岡山県,岡山市北区,スーパーハリウッド青江
岡山県,岡山市南区,バージン岡山南本店
岡山県,岡山市南区,nikko泉田店
岡山県,岡山市北区,nikko1000久米店
岡山県,岡山市南区,セントラルディーボ大福店
岡山県,岡山市南区,123藤田店
岡山県,岡山市中区,マルハン東岡山店
岡山県,岡山市中区,プレミアムバージン東岡山店
岡山県,岡山市中区,ハリウッド東岡山
岡山県,岡山市中区,nikko東岡山店
岡山県,岡山市中区,ザ・ゴルフ
岡山県,岡山市中区,nikko平井店
岡山県,岡山市中区,円山マルハチ
岡山県,玉野市,宇野マルハチ
岡山県,美作市,サンキワールド美作店
岡山県,津山市,nikko津山店
岡山県,津山市,マルハン津山店
岡山県,津山市,スーパーハリウッド津山
岡山県,岡山市東区,123+N岡山本店
岡山県,勝田郡勝央町,勝央グランド
岡山県,倉敷市,ハリウッドIIIスター
岡山県,倉敷市,オールスター25倉敷店
岡山県,倉敷市,玉島マルハチ
岡山県,倉敷市,セントラルディーボ倉敷店
岡山県,倉敷市,サンキワールド児島店
岡山県,倉敷市,マルハン児島店
岡山県,倉敷市,ウエスタン水島店
岡山県,倉敷市,123水島店
岡山県,井原市,Fantasista
岡山県,高梁市,エンドレス高梁店
岡山県,総社市,オールスター25総社店
岡山県,総社市,ニューグランド
岡山県,真庭市,nikko真庭店
島根県,松江市,丸三松江本店
島根県,松江市,ジャンボマックスブロス
島根県,松江市,ジャンボマックス浜乃木店
島根県,出雲市,丸三平田店
島根県,出雲市,丸三浜山本店
島根県,大田市,マンモス大田店
島根県,江津市,マンモス江津店
島根県,江津市,プローバ江津店
島根県,浜田市,丸三浜田店
島根県,浜田市,プローバ駅北
島根県,浜田市,プローバ長沢店
島根県,浜田市,マンモス浜田店
島根県,益田市,テキサス益田店
島根県,益田市,丸三益田店
島根県,益田市,ツインビクトリー益田店
島根県,松江市,ジャンボパレス東出雲店
島根県,出雲市,丸三斐川店
鳥取県,鳥取市,マンモス桜谷店
鳥取県,鳥取市,UFO叶
鳥取県,鳥取市,ワールドカップ鳥取店
鳥取県,鳥取市,UFO秋里
鳥取県,鳥取市,マンモス湖山店
鳥取県,鳥取市,UFO安長
鳥取県,東伯郡湯梨浜町,マンモス倉吉店
鳥取県,倉吉市,UFO倉吉
鳥取県,米子市,クレイジーチャンス米子
鳥取県,米子市,ジャンボマックス米子店
鳥取県,米子市,デルパラ7米原店
鳥取県,米子市,アンコールセブン
愛媛県,松山市,大盛三津店
愛媛県,松山市,大盛空港通り店
鳥取県,境港市,デルパラ7境港店
鳥取県,米子市,グランワールドカップ米子店
鳥取県,西伯郡伯耆町,クレイジーチャンス岸本
愛媛県,松山市,丸之内ヘリオス1000竹原
愛媛県,松山市,パチンコ天国本店
愛媛県,松山市,キスケPAO小坂店
愛媛県,東温市,ナングン東温店
愛媛県,松山市,コロンボ松山インター店
愛媛県,松山市,クラブコロンボ松山店
愛媛県,新居浜市,ビッグロッキー新居浜店
愛媛県,新居浜市,美しが丘Nikko1000
愛媛県,新居浜市,コロンボオオクラ
愛媛県,新居浜市,Supernikko
愛媛県,西条市,グランディールロッキー西条店
愛媛県,今治市,キスケPAO今治本店
愛媛県,今治市,キスケPAO中寺店
愛媛県,大洲市,JOYSTAGE大洲店
愛媛県,八幡浜市,ルート保内
愛媛県,西予市,セントラルディーボ宇和店
愛媛県,宇和島市,セントラルディーボ宇和島北店
愛媛県,宇和島市,ジャンボ丸之内
愛媛県,四国中央市,コロンボ川之江店
愛媛県,西条市,ビッグロッキー東予店
愛媛県,今治市,マルハン今治店
香川県,高松市,マルハン高松店
香川県,高松市,nikko屋島店
香川県,綾歌郡綾川町,アイゼン陶店
香川県,丸亀市,丸之内ヘリオス1000丸亀
香川県,高松市,メガロアイゼン
香川県,高松市,KINGOFKINGS高松
香川県,高松市,スーパーパオアイゼン
香川県,坂出市,ビッグロッキー坂出店
香川県,丸亀市,マルハン丸亀店
香川県,善通寺市,マルハン善通寺店
香川県,善通寺市,クィーンプレジール
香川県,綾歌郡宇多津町,アイゼン宇多津店
香川県,さぬき市,エルブランコ・アイゼン
香川県,東かがわ市,ズームイン
高知県,高知市,セントラルディーボ土佐道路店
高知県,高知市,セントラルディーボ知寄店
高知県,高知市,123+Nはりまや橋店
高知県,高知市,ミリオン土佐道路店
高知県,高知市,セントラルディーボ朝倉店
高知県,高知市,ヘイワ土佐道路店
高知県,高知市,セントラルディーボ一宮店
高知県,土佐市,セントラル土佐店
高知県,香南市,ミリオン野市店
高知県,高知市,マルハン高知高須店
高知県,須崎市,セントラルディーボ須崎店
徳島県,徳島市,ミリオン中吉野店
徳島県,徳島市,G-ONESLOT住吉
徳島県,徳島市,123南昭和店
徳島県,板野郡藍住町,ミリオン藍住店
徳島県,鳴門市,ミリオン鳴門店
徳島県,小松島市,123大林店
徳島県,阿南市,123阿南店
徳島県,吉野川市,ミリオン鴨島店
愛媛県,松山市,セントラルディーボ保免店
愛媛県,松山市,スーパーキスケPAO
愛媛県,松山市,キスケPAO東雲店
愛媛県,松山市,ビッグロッキー北久米店
愛媛県,松山市,セントラルディーボ小坂店
愛媛県,東温市,大盛東温店
愛媛県,東温市,コロンボ東温店
愛媛県,伊予郡松前町,キスケPAO松前店
愛媛県,松山市,セントラルディーボ山越店
愛媛県,松山市,ゴーゴーマルサン古三津店
愛媛県,西条市,ビッグ2ロッキー西条店
愛媛県,西条市,マルハン西条店
愛媛県,今治市,キスケPAO小泉店
愛媛県,今治市,キスケPAO鳥生店
愛媛県,八幡浜市,ひかり5号
愛媛県,西予市,大盛宇和店
愛媛県,四国中央市,コロンボ三島店
愛媛県,四国中央市,グランディールロッキー三島店
北海道,北見市,マルハン端野店
宮城県,仙台市青葉区,ベガスベガス名掛丁店
宮城県,東松島市,パチンコまるたま石巻店
愛媛県,松山市,ビッグロッキー堀江店
香川県,高松市,nikko高松中央店
香川県,高松市,ミリオン高松東店
香川県,丸亀市,シャングリラアイゼン
香川県,高松市,アイゼン上之町店
香川県,仲多度郡多度津町,夢屋多度津店
香川県,綾歌郡宇多津町,ミリオン宇多津店
高知県,高知市,セントラルディーボ相模店
高知県,高知市,タマイセンター東雲町店
高知県,高知市,acsh中万々店
高知県,高知市,セントラルディーボ桟橋店
高知県,高知市,マルハン高知桟橋店
高知県,高知市,ミリオン一宮店
高知県,香美市,セントラルディーボ山田店
高知県,南国市,セントラルディーボ南国店
高知県,南国市,ミリオン南国店
徳島県,徳島市,ミリオン川内店
徳島県,徳島市,スロット123田宮店
徳島県,徳島市,ミリオン昭和店
徳島県,徳島市,ミリオン沖浜店
徳島県,板野郡北島町,ミリオン北島店
徳島県,板野郡上板町,nikko上板イオンタウン店
徳島県,小松島市,ミリオン羽浦店
徳島県,阿南市,ミリオン津峰店
福岡県,福岡市東区,A-SLOT333
徳島県,徳島市,ミリオン国府店
徳島県,美馬市,ミリオン美馬店
徳島県,三好市,ミリオン池田店
北海道,札幌市北区,クラブイーグル麻生店
北海道,札幌市北区,ひまわり新琴似店
北海道,札幌市北区,がちゃぽん札幌新川店
北海道,札幌市北区,プレイランドハッピー屯田四条店
北海道,札幌市北区,クラブジェイ篠路店
北海道,札幌市白石区,イーグルピュアシティ東札幌店
北海道,札幌市白石区,ゴールドラッシュ南郷通店
北海道,札幌市西区,EBH
北海道,札幌市白石区,イーグルゴー北郷店
北海道,札幌市白石区,プレイランドハッピー厚別通店
北海道,札幌市厚別区,ベガスベガス大谷地店
北海道,札幌市厚別区,イーグルウェーブ厚別店
北海道,札幌市清田区,マルハン美しが丘店
北海道,札幌市清田区,ベガスベガス美しが丘店
北海道,札幌市清田区,ひまわり清田店
北海道,札幌市南区,プレイランドハッピー藻岩店
北海道,札幌市南区,パーラーゾーン川沿店
北海道,札幌市手稲区,プレイランドハッピー西宮の沢店
北海道,札幌市白石区,M's666菊水店
北海道,札幌市手稲区,KEIZ手稲店
北海道,札幌市手稲区,プレイランドハッピー手稲前田店
北海道,札幌市東区,プレイランドハッピー東苗穂店
北海道,札幌市東区,イーグルウイング伏古店
北海道,札幌市東区,ベガスベガス栄町店
北海道,札幌市東区,プレイランドハッピー栄町店
北海道,函館市,ライジング函館五稜郭
北海道,函館市,INDY函館
北海道,函館市,ひまわり日乃出店
北海道,函館市,マルハン函館大門店
北海道,函館市,ベガスベガス函館吉川店
北海道,函館市,パチンコボンボン函館店
北海道,函館市,ベガスベガス函館昭和店
北海道,函館市,ロイヤル函館店
北海道,函館市,ベガスベガス函館港店
北海道,函館市,KEIO湯川店
北海道,函館市,ベガスベガス函館空港前店
北海道,岩内郡岩内町,マルハン岩内店
北海道,小樽市,ビッグバン小樽店
北海道,小樽市,プレイランドハッピー築港店
北海道,小樽市,イーグルオー小樽店
北海道,小樽市,プレイランドハッピー小樽駅前店
北海道,室蘭市,ZEUS
北海道,室蘭市,ひまわり室蘭店
北海道,伊達市,CREV伊達店
北海道,伊達市,ひまわり伊達店
北海道,苫小牧市,マルハン苫小牧駅前店
北海道,苫小牧市,ベガスベガス苫小牧店
北海道,苫小牧市,プレイランドハッピー三光店
北海道,苫小牧市,がちゃぽん苫小牧店
北海道,苫小牧市,ひまわり苫小牧店
北海道,日高郡新ひだか町,パーラーロイヤル静内店
北海道,日高郡新ひだか町,マルハン静内店
北海道,日高郡新ひだか町,monakomonako
北海道,登別市,ロイヤル登別店
北海道,苫小牧市,ロイヤル沼ノ端店
北海道,札幌市中央区,ベガスベガス札幌店
北海道,札幌市中央区,ひまわり札幌駅前タワー店
北海道,札幌市中央区,ビッグスロット北5条店
北海道,札幌市中央区,マルハン苗穂店
北海道,札幌市中央区,ベガスベガス狸小路二丁目店
北海道,札幌市中央区,ベガスベガス狸小路店
北海道,札幌市東区,ライジング苗穂
北海道,札幌市東区,ひまわりファイターズ通り店
北海道,北広島市,パーラー恵み野きたひろ店
北海道,札幌市東区,SLOTBARM's
北海道,恵庭市,パーラー恵み野
北海道,恵庭市,マルハン恵庭店
北海道,札幌市豊平区,ひまわり月寒店
北海道,札幌市豊平区,MEGAM'S1121西岡店
北海道,札幌市豊平区,ひまわり豊平店
北海道,札幌市西区,プレイランドハッピー西町店
北海道,札幌市西区,パーラー甲子園西町店
北海道,札幌市西区,マルハン琴似店
北海道,札幌市西区,ライジング琴似
北海道,札幌市豊平区,パーラーマンモス'21月寒店
北海道,旭川市,ビッグトマト豊岡店
北海道,旭川市,アルファ豊岡店
北海道,旭川市,パーラートーエー豊岡店
北海道,旭川市,アルファ南4条店
北海道,旭川市,ビックトマト南店
北海道,旭川市,アルファ南6条通店
北海道,旭川市,パーラートーエー緑が丘店
北海道,岩見沢市,マルハン岩見沢東店
北海道,旭川市,パチンコボンボン永山店
北海道,旭川市,ベガスベガス旭川店
北海道,旭川市,マルハン旭川永山店
北海道,帯広市,マルハン帯広店
北海道,帯広市,ゴッサムシティ
北海道,帯広市,マルハン柏林台店
北海道,帯広市,ベガスベガス帯広北店
北海道,帯広市,オペラ
北海道,釧路市,マルハン釧路店
北海道,釧路市,プラスイーグル釧路星が浦店
北海道,釧路市,アーリーバード星が浦店
北海道,釧路市,ベガスベガス釧路店
北海道,釧路市,アーリーバード春採店
北海道,標津郡中標津町,マルハン中標津店
北海道,標津郡中標津町,ひまわり中標津店
北海道,根室市,ひまわり根室店
北海道,根室市,アーリーバード根室店
北海道,根室市,マルハン根室店
北海道,釧路郡釧路町,アーリーバード釧路店
北海道,釧路郡釧路町,ひまわり釧路店
北海道,川上郡弟子屈町,アーリーバード弟子屈店
北海道,川上郡弟子屈町,ひまわり弟子屈店
北海道,北見市,マルハン北見店
北海道,北見市,ひまわり北見店
北海道,北見市,ロイヤル北見店
北海道,網走郡美幌町,ひまわり美幌店
北海道,網走市,ロイヤル網走店
北海道,網走市,マルハン網走店
北海道,紋別市,ひまわり紋別店
北海道,名寄市,マルハン名寄店
北海道,稚内市,プラスイーグル稚内店
北海道,稚内市,マルハン稚内店
北海道,枝幸郡枝幸町,スマイル枝幸
北海道,斜里郡斜里町,スマイル知床
北海道,斜里郡斜里町,ひまわり知床店
北海道,紋別市,マルハン紋別店
宮城県,仙台市青葉区,ハードロック仙台一番町店
宮城県,仙台市青葉区,アムズガーデン仙台駅前店
宮城県,仙台市青葉区,P-STATION&IIスロット館
宮城県,仙台市青葉区,パラディソ二日町店
宮城県,宮城郡利府町,ウイング利府店
宮城県,東松島市,JOYPARK赤井店
宮城県,東松島市,スロットハウスムサシ矢本店
宮城県,東松島市,アムズガーデン石巻店
宮城県,仙台市青葉区,ベガスベガス北仙台店
宮城県,仙台市青葉区,ARISEDAIAN荒巻店
宮城県,仙台市青葉区,ベガビック1000仙台店
宮城県,名取市,スロットインパラディソ名取
宮城県,名取市,パチンコまるたま名取店
宮城県,名取市,パラディソ名取りんくう店
宮城県,角田市,DON+
宮城県,仙台市泉区,Dステーション仙台泉店
宮城県,仙台市泉区,パチンコまるたま泉中央店
宮城県,仙台市泉区,マルハン仙台泉店
宮城県,仙台市泉区,21SEIKI仙台泉
宮城県,仙台市泉区,パラディソ泉店
宮城県,黒川郡大和町,パラディソ大和ドルフィン館
宮城県,黒川郡大和町,パチンコ22大和店
宮城県,加美郡加美町,ベガスベガス加美店
宮城県,仙台市太白区,ウイングあすと長町店
宮城県,仙台市太白区,パチンコタイガー長町店
宮城県,仙台市太白区,ユニオンザ・プライム太子堂
宮城県,仙台市太白区,メルヘンワールド長町南店
宮城県,仙台市太白区,ベガスベガス仙台南店
宮城県,仙台市太白区,パチンコまるたま山田店
宮城県,仙台市宮城野区,パラディソ仙台東インター店
宮城県,仙台市宮城野区,マルハン仙台新港店
宮城県,仙台市宮城野区,パチンコタイガー苦竹店2
宮城県,仙台市宮城野区,パラディソ小鶴新田店
宮城県,仙台市宮城野区,マルハン仙台卸町店
宮城県,仙台市宮城野区,パラディソ岩切店
宮城県,仙台市宮城野区,スーパーメルヘンワールド幸町店
宮城県,仙台市宮城野区,アムズガーデン幸町店
宮城県,仙台市宮城野区,マルハン仙台駅東店
宮城県,仙台市若林区,ベガスベガス大和町店
宮城県,塩竈市,つばめザ・ウィング
宮城県,多賀城市,ひまわり多賀城店
宮城県,石巻市,JOYPARK湊店
宮城県,石巻市,21SEIKI石巻中里
宮城県,石巻市,ウイング石巻店
宮城県,石巻市,JOYPARK石巻店
宮城県,石巻市,マルハン石巻店
宮城県,石巻市,メルヘンワールド石巻店
宮城県,遠田郡涌谷町,パラディソ涌谷店
宮城県,登米市,パーラーJ-遊佐沼みなみ店
宮城県,登米市,パーラーJ-遊佐沼店
宮城県,登米市,chaos佐沼店
宮城県,柴田郡柴田町,つばめザ・ムーブ
宮城県,柴田郡柴田町,パラディソ柴田店
宮城県,亘理郡亘理町,メルヘンワールド亘理店
宮城県,仙台市青葉区,21SEIKI仙台愛子
宮城県,仙台市青葉区,夢広場ニューセブン南吉成
宮城県,仙台市青葉区,アムズガーデン南吉成店
宮城県,大崎市,マルハン古川店
宮城県,大崎市,オータ古川店
宮城県,大崎市,パラディソ古川ドルフィン館
宮城県,大崎市,chaos古川店
福島県,福島市,マックスアリーナ
福島県,福島市,マルハン福島店
福島県,福島市,パチンコ三ツ星笹谷店
福島県,伊達市,マルハン伊達店
福島県,福島市,パチンコ三ツ星野田町店・三ッ星野田町2号店
福島県,福島市,ウィル・マックス
福島県,郡山市,アムズガーデン郡山店
福島県,郡山市,マルハン郡山店
福島県,南相馬市,セントラルMEGASTAGE1000
福島県,会津若松市,ビックつばめ会津若松店
福島県,西白河郡矢吹町,マルハン矢吹店
福島県,いわき市,マルハンいわき店
福島県,いわき市,ビックつばめ平店
福島県,いわき市,ZENT小名浜店
福島県,いわき市,16MGMいわき泉店
福島県,いわき市,16MGM勿来・錦店
福島県,相馬市,つばめザ・ビート
山形県,山形市,マルハン宮町店
山形県,山形市,パーラー国際山形北店
山形県,山形市,ベガスベガス鉄砲町店
山形県,寒河江市,マルハン寒河江店
山形県,寒河江市,パーラージェイクラブ寒河江店
山形県,米沢市,マルハン米沢店
山形県,米沢市,アイランド米沢
山形県,米沢市,エナジィー
山形県,村山市,パーラージェイクラブ村山店
山形県,新庄市,マルハン新庄店
山形県,鶴岡市,マルハン鶴岡店
岩手県,奥州市,WINS奥州
山形県,鶴岡市,メルヘンワールド鶴岡店
山形県,酒田市,マルハン酒田店
山形県,南陽市,GORILLA南陽店
山形県,西村山郡河北町,パーラージェイクラブ河北店
山形県,東根市,ベガス東根店
山形県,東根市,マルハン東根店
岩手県,盛岡市,WINS松園
岩手県,盛岡市,マルハン盛岡みたけ店
岩手県,盛岡市,ユニオンザ・プライム上堂
岩手県,盛岡市,ジャムフレンド上堂
岩手県,盛岡市,クエスト青山
岩手県,滝沢市,リジョイス
岩手県,滝沢市,ジャムフレンドクラブ滝沢
岩手県,滝沢市,ビックガマアポロ
岩手県,盛岡市,カネマンMPlus
岩手県,盛岡市,カネマン盛岡南
岩手県,盛岡市,カネマン津志田
岩手県,盛岡市,INDY都南
岩手県,盛岡市,ジャムフレンド盛岡
岩手県,盛岡市,WINS本宮
岩手県,盛岡市,INDY肴町
岩手県,大船渡市,カネマン大船渡
岩手県,大船渡市,セントラル大船渡店
岩手県,奥州市,マルハン水沢店
岩手県,奥州市,カネマン奥州
岩手県,北上市,ひまわり北上店
岩手県,北上市,21CLUB
岩手県,北上市,マルハン北上店
岩手県,北上市,ユニオン北上
岩手県,北上市,21SEIKI北上
岩手県,花巻市,INDY500
岩手県,花巻市,INDY500花巻
岩手県,釜石市,セントラル釜石店
岩手県,宮古市,ユニオン磯鶏
岩手県,宮古市,ユニオン宮古
岩手県,宮古市,WINS宮古
岩手県,久慈市,ジャムフレンドクラブ久慈
岩手県,北上市,パチンコCAT's北上店
岩手県,上閉伊郡大槌町,カネマンルート45
岩手県,下閉伊郡山田町,ユニオン山田
岩手県,紫波郡紫波町,WINS紫波
岩手県,八幡平市,スマイル西根店
岩手県,一関市,遊スポットボンボン
岩手県,胆沢郡金ケ崎町,カネマン金ヶ崎
秋田県,秋田市,マルハン広面店
秋田県,秋田市,マルハン茨島店
秋田県,秋田市,マルハン追分店
秋田県,秋田市,マルハン外旭川店
秋田県,秋田市,ニューヨークニューヨーク広面店
秋田県,秋田市,ニューヨークニューヨーク泉店
秋田県,秋田市,ニューヨークニューヨーク臨海店
秋田県,湯沢市,ニューヨークニューヨーク湯沢店
秋田県,雄勝郡羽後町,夢屋羽後店
秋田県,横手市,ニューヨークニューヨーク横手店
秋田県,大仙市,ひまわり大曲店
秋田県,由利本荘市,マルハン由利本荘店
秋田県,能代市,マルハン能代店
秋田県,大館市,chaos大館店
秋田県,大館市,ライジング大館
秋田県,大館市,マルハン大館店
秋田県,南秋田郡井川町,メルヘンワールド井川店
秋田県,北秋田市,chaos鷹巣店
秋田県,北秋田市,chaos合川店
青森県,青森市,マルハン浜田店
青森県,青森市,スーパードーム中央店
青森県,青森市,ライジング青森駅前
青森県,青森市,ジャムフレンドクラブ青森
青森県,八戸市,コンサートホール八戸店
青森県,八戸市,マルハン八戸店
青森県,八戸市,大東パチンコ
青森県,八戸市,21SEIKI八戸
青森県,三沢市,ジャムフレンドクラブエース三沢
青森県,十和田市,ジャムフレンドクラブ十和田
青森県,むつ市,マルハンむつ店
青森県,むつ市,ライジング1
青森県,むつ市,ジャムフレンドクラブむつ
青森県,黒石市,ジャムフレンドクラブ黒石
青森県,黒石市,マルハン黒石店
青森県,弘前市,ジャムフレンド弘前
青森県,弘前市,ライジング堅田
青森県,弘前市,FORUM-1神田店
青森県,弘前市,マルハン弘前店
青森県,弘前市,マルハン弘前石渡店
青森県,五所川原市,マルハン五所川原店
青森県,青森市,マルハン三好店
青森県,つがる市,マルハン青森柏店
青森県,八戸市,21SEIKI八戸西
青森県,八戸市,ひまわり八戸店
青森県,八戸市,ウィル河原木店
青森県,八戸市,SlotClub夢屋石堂店
東京都,足立区,PIA五反野
東京都,港区,新橋UNO
東京都,北区,ベラジオ東十条店
東京都,北区,アミューズメントパークジュラク2
東京都,荒川区,キューデンアネックス日暮里店
東京都,足立区,ニュークラウン綾瀬店
東京都,足立区,マルハン鹿浜店
東京都,葛飾区,フォーチュンお花茶屋店
青森県,上北郡おいらせ町,マルハン青森下田店
青森県,上北郡野辺地町,ジャムフレンドクラブ野辺地
東京都,葛飾区,Dステーション新小岩店
東京都,江戸川区,サンパレス環七大杉店
東京都,江戸川区,キコーナ平井店
東京都,江戸川区,プライム平井
東京都,江戸川区,ベルシティ/ザシティ篠崎店
東京都,江東区,パーラーアサヒ森下店
東京都,品川区,エムディー目黒
東京都,品川区,ジャラン五反田店
東京都,大田区,レイトギャップ平和島
東京都,大田区,楽園蒲田店
東京都,大田区,マルハン蒲田駅東店
東京都,大田区,パーラープラザ515
東京都,大田区,ヒノマル下丸子店
東京都,渋谷区,アサヒ幡ヶ谷2号店
東京都,目黒区,ヒノマル都立大１号店
東京都,世田谷区,キングNo.1世田谷店
東京都,東村山市,パチンコ大学A館
東京都,新宿区,カレイド新宿店
東京都,中野区,パーラースーパーセブン新中野店
東京都,杉並区,オリエンタルパサージュ荻窪426
東京都,新宿区,エスパス日拓新大久保駅前店
東京都,豊島区,甲子園池袋店
東京都,豊島区,楽園池袋店
東京都,板橋区,やすだ大山北口5号店
東京都,板橋区,クラウンときわ台
東京都,板橋区,成増会館
東京都,練馬区,ニューグランド貫井店
東京都,練馬区,ミリオン平和台16号店
東京都,府中市,キコーナ府中店
東京都,府中市,クリエ府中店
東京都,小平市,オゼック小平
神奈川県,横浜市緑区,マルコ
東京都,町田市,チャレンジャー野津田店
東京都,西東京市,プレゴひばりが丘店
東京都,西東京市,やすだひばりヶ丘店
神奈川県,川崎市川崎区,PIA川崎銀柳
神奈川県,川崎市川崎区,PIA京急川崎
神奈川県,川崎市中原区,オークラ武蔵中原店
神奈川県,川崎市幸区,MONOS川崎
神奈川県,横浜市港北区,アビバ綱島南店
神奈川県,横浜市都筑区,ジアスセンター南
神奈川県,横浜市青葉区,パーラーフィオーレたまプラーザ
神奈川県,横浜市緑区,クリエ十日市場店
神奈川県,横浜市中区,アビバ関内
神奈川県,横浜市磯子区,アビバ新杉田
神奈川県,横須賀市,ZAPPRESTIGE
神奈川県,横須賀市,アビバアネックス・スクエア店
神奈川県,横須賀市,横須賀・馬堀マリーン
神奈川県,大和市,やすだ大和店
神奈川県,大和市,ベリーヴェリー中央林間
神奈川県,厚木市,マルハン厚木店
神奈川県,横浜市戸塚区,くいーぷ東戸塚店
神奈川県,横浜市戸塚区,キコーナ戸塚店
神奈川県,小田原市,SKIPスロットクラブ小田原錦通り店
神奈川県,座間市,スーパーDステーション座間店
神奈川県,座間市,メガフェイス1180座間
神奈川県,相模原市中央区,グランキコーナ相模原店
神奈川県,相模原市中央区,アビバ淵野辺店
埼玉県,越谷市,メガガイア越谷大里
神奈川県,相模原市南区,ザシティ/ベルシティ相模大野店
神奈川県,相模原市南区,glowAMUSEMENTHALL
神奈川県,藤沢市,パラッツォ湘南台店
神奈川県,藤沢市,クリエ湘南台店
神奈川県,平塚市,ジャラン平塚店
神奈川県,平塚市,ニラク平塚黒部丘店
神奈川県,足柄下郡湯河原町,プレゴ湯河原店
埼玉県,さいたま市浦和区,コンサートホール北浦和
埼玉県,さいたま市大宮区,楽園大宮店
埼玉県,さいたま市西区,パチンコプラザラカータ大宮本店
埼玉県,川口市,マルハン川口店
埼玉県,川口市,ミュー川口芝店
埼玉県,戸田市,アリーナ美女木店
埼玉県,さいたま市緑区,ニューヨーク浦和店
埼玉県,さいたま市見沼区,メガガイア東大宮
埼玉県,さいたま市桜区,第一プラザ西浦和店
埼玉県,草加市,ピーアーク谷塚
埼玉県,草加市,一番舘草加店
埼玉県,越谷市,ピーアークせんげん台
埼玉県,越谷市,SAP蒲生店
埼玉県,久喜市,ジャンジャンデルノザウルス久喜IC店
埼玉県,蓮田市,コンサートホール蓮田
埼玉県,川越市,第一プラザ霞ヶ関店
埼玉県,川越市,パールショップともえ川越店
千葉県,市川市,サンパレス本八幡
埼玉県,狭山市,ラ・カータ狭山本店
埼玉県,東松山市,メガボックス東松山店
埼玉県,比企郡滑川町,パーラーEX滑川店
埼玉県,所沢市,プレゴ所沢店
埼玉県,上尾市,コンサートホール上尾
埼玉県,深谷市,ベルシティザシティ深谷店
埼玉県,児玉郡上里町,マルハン上里店
千葉県,千葉市中央区,アミューズ千葉店
千葉県,千葉市花見川区,やすだ幕張店
千葉県,千葉市緑区,ピーアークおゆみ野
千葉県,流山市,やすだ南流山店
千葉県,松戸市,パールショップともえ松戸店
千葉県,松戸市,パラッツォ馬橋駅前店
千葉県,船橋市,パラッツォ船橋店
千葉県,習志野市,マルハン習志野店
千葉県,野田市,アムディ野田
千葉県,浦安市,ウエスタン浦安やなぎ通り店
千葉県,佐倉市,Dステーション佐倉店
千葉県,成田市,プレゴ成田店
千葉県,銚子市,パールショップともえ銚子今宮店
千葉県,山武郡横芝光町,ダイナム横芝店
栃木県,宇都宮市,有楽会館砥上店
東京都,千代田区,有楽町UNO
茨城県,取手市,ジャンジャンデルノザウルス取手店
茨城県,龍ケ崎市,ZENT女化店
茨城県,守谷市,レイト守谷
茨城県,つくば市,ジャンジャンデルノザウルスつくば平塚店
茨城県,坂東市,マックス坂東
茨城県,桜川市,ダイナム岩瀬店
茨城県,笠間市,東大笠間店
茨城県,水戸市,ビックマーチ・スロットクラブ渡里店
茨城県,那珂市,キコーナひたちなか店
茨城県,水戸市,マルハン赤塚店
茨城県,水戸市,ビックマーチ河和田南店
茨城県,ひたちなか市,スロットヒルズ
茨城県,神栖市,Dステーション神栖店
茨城県,神栖市,レイト神栖
茨城県,日立市,Glace(グラッセ)
茨城県,常陸大宮市,ダイナム常陸大宮店
栃木県,宇都宮市,KINGBOSS1000
栃木県,真岡市,BIGBOSS1000
栃木県,足利市,ニュー丸の内緑町店
栃木県,足利市,メルヘンワールド足利店
栃木県,河内郡上三川町,ビックマーチ石橋店
栃木県,河内郡上三川町,イクサム上三川店
栃木県,那須塩原市,ニラク大田原加治屋店
群馬県,高崎市,ビックマーチ高崎おおやぎ店
群馬県,高崎市,スクェアー
群馬県,伊勢崎市,マルハン伊勢崎店
群馬県,太田市,ZENT太田飯田町店
群馬県,みどり市,マルハン大間々店
群馬県,渋川市,Dステーション渋川インター店
群馬県,安中市,Dステーション安中店
大阪府,大阪市北区,FREEDOM
大阪府,大阪市淀川区,ベラジオ西中島店
大阪府,大阪市淀川区,イーグルR-1十三駅東口店
大阪府,大阪市旭区,アミューズ高殿×BBインパクト
大阪府,大阪市旭区,P.E.KINGOFKINGS大阪本店
大阪府,大阪市鶴見区,ベラジオPlus鶴見店
大阪府,大阪市中央区,CLUB-D
大阪府,大阪市中央区,楽園なんば店
大阪府,大阪市中央区,マルハンなんば新館
大阪府,大阪市大正区,大正ウエスト
大阪府,大阪市福島区,プリプリ600
大阪府,大阪市浪速区,マルハン新世界店
大阪府,大阪市住吉区,P-ROOTsMANDORE
大阪府,箕面市,マザーブロス
大阪府,吹田市,アミューズ吹田岸辺店
大阪府,吹田市,キコーナ吹田店
大阪府,吹田市,123江坂店
大阪府,門真市,123門真店
大阪府,寝屋川市,ニコニコ寝屋川店スロット館
大阪府,東大阪市,キコーナ高井田店
大阪府,東大阪市,マジックバード若江
大阪府,柏原市,SUPERCOSMOPREMIUM柏原店
大阪府,富田林市,キコーナ富田林店
大阪府,堺市堺区,マルハン堺遠里小野店
大阪府,泉大津市,ミスターパチンコ泉大津店
大阪府,岸和田市,マルハン岸和田店
兵庫県,神戸市北区,マルハン赤松台店
兵庫県,神戸市長田区,マルハン長田店
兵庫県,神戸市灘区,タイヨー六甲道
兵庫県,西宮市,スロットキコーナ今津店
兵庫県,豊岡市,ミクちゃんアリーナ豊岡店
兵庫県,姫路市,アトランティスアイゼン
兵庫県,姫路市,ヴィーナスギャラリー花北店
兵庫県,明石市,ミクちゃんガイア西明石店
兵庫県,明石市,メトロ明石店
兵庫県,加古川市,ビッグアップル.加古川
滋賀県,湖南市,ダイナム滋賀湖南店
滋賀県,彦根市,イチバン本店
滋賀県,草津市,マルハン草津店
滋賀県,東近江市,ダイナム滋賀八日市店
京都府,京都市北区,エンターテイメントオメガ上賀茂
京都府,京田辺市,ジャラン京田辺店
京都府,福知山市,ダラム800
京都府,舞鶴市,ドリームドリーム2
奈良県,天理市,マルハン郡山インター店
奈良県,高市郡高取町,プレミオ高取
和歌山県,和歌山市,スタジアム2001和歌山西庄店
和歌山県,和歌山市,メトロヒルズ
和歌山県,御坊市,ダイナム御坊店
和歌山県,田辺市,ミュージアム21バイパス店
和歌山県,田辺市,123田辺店
和歌山県,東牟婁郡那智勝浦町,KBSUPERSTADIUM勝浦店
愛知県,豊橋市,スロットクラブ夢屋豊橋佐藤店
愛知県,豊橋市,オーギヤ二川店
愛知県,豊橋市,名宝大清水店
愛知県,豊川市,メガコンコルド1155豊川インター店
愛知県,豊川市,オーギヤ豊川蔵子店
愛知県,蒲郡市,中日ホール竹谷店
愛知県,岡崎市,名宝岡崎店
愛知県,岡崎市,イクサム岡崎西店
愛知県,高浜市,マルハン高浜店
愛知県,安城市,安城コロナ
愛知県,刈谷市,タイホウ井ヶ谷店
愛知県,刈谷市,タイホウ刈谷小垣江店
愛知県,名古屋市西区,マルハン上小田井駅前店
愛知県,名古屋市南区,メガコンコルド1111BLAZE店
愛知県,名古屋市中区,キング観光サウザンド栄東新町店
愛知県,名古屋市北区,ZENT名古屋北店
愛知県,名古屋市北区,タイホウ楠店
愛知県,名古屋市瑞穂区,キング観光新瑞店
愛知県,名古屋市天白区,プレイランドキャッスル天白店
愛知県,愛知郡東郷町,プレイランドキャッスル東郷店
愛知県,知多郡武豊町,有楽砂川店
愛知県,豊田市,Zing若林店
愛知県,豊田市,ZENT豊田本店
愛知県,豊田市,SLOTZing大島店
愛知県,豊田市,GOLD玉越トヨタ店
愛知県,常滑市,有楽りんくう店
愛知県,丹羽郡扶桑町,ZENT扶桑店
愛知県,小牧市,yout小牧店
愛知県,春日井市,KOHAKU春日井店
愛知県,瀬戸市,ベガビック瀬戸店
愛知県,海部郡大治町,プレイランド平和大治店
愛知県,一宮市,プレイランド第一平和
静岡県,沼津市,WINS沼津
静岡県,三島市,フジコー三島店
静岡県,三島市,フジコー長伏店
静岡県,富士市,ABC富士今泉店
静岡県,富士宮市,マルハン中原店
静岡県,静岡市葵区,アプリイ沓谷
静岡県,静岡市駿河区,アプリイ富士見台
静岡県,静岡市駿河区,コンコルド静岡駅前店
静岡県,焼津市,ABC焼津三和店
静岡県,島田市,コンコルド島田六合店
静岡県,浜松市中区,コンコルド浜松木戸店
静岡県,浜松市東区,コンコルド浜松笠井店
静岡県,浜松市中区,ABC浜松葵西店
静岡県,浜松市東区,ABC浜松天竜川駅前店
静岡県,袋井市,コンコルド袋井高尾店
静岡県,御前崎市,ダイナム静岡御前崎店
山梨県,甲府市,ABC甲府上阿原店
山梨県,甲州市,ニューダイヤ塩山店
山梨県,中巨摩郡昭和町,ABC甲府昭和通り店
長野県,長野市,ニュートーキョー柳原店
長野県,長野市,ニューアサヒ長野青木島店
長野県,千曲市,ニューアサヒ千曲店
長野県,松本市,チャンピオンOZ
長野県,上伊那郡南箕輪村,マルイ伊那店
長野県,安曇野市,ニュートーキョー三郷店
岐阜県,瑞穂市,キクヤ穂積店
岐阜県,岐阜市,キクヤ島店
岐阜県,揖斐郡池田町,SUN池田店
岐阜県,美濃加茂市,僕のAパン美のかも-山手
岐阜県,高山市,スロットマックス高山店
岐阜県,多治見市,KEIZ多治見店
岐阜県,可児市,マルハン可児店
岐阜県,土岐市,夢屋土岐店
岐阜県,瑞浪市,ダイナム岐阜瑞浪店
新潟県,佐渡市,DAMZ両津店
富山県,高岡市,スーパードーム高岡インター店
富山県,富山市,eZone富山店
石川県,七尾市,マルハン七尾店
福井県,福井市,ALEAWORLD舞屋店
三重県,四日市市,ホームラン四日市駅西店
三重県,四日市市,キング観光サウザンド近鉄四日市店
三重県,桑名市,ホームラン桑名店
三重県,四日市市,キング観光サウザンド生桑店
三重県,津市,キング666セノパーク津
三重県,津市,FUJI芸濃店
三重県,伊勢市,マルハン伊勢店
三重県,鈴鹿市,キング観光鈴鹿インター店
広島県,福山市,ウイング神辺店
広島県,福山市,大門ハピー
広島県,福山市,福山コロナ
広島県,広島市安佐南区,アンジェロレオーネ
広島県,安芸郡熊野町,ビクトリーII
広島県,安芸郡熊野町,LEO熊野
広島県,広島市佐伯区,LEOWesthill
広島県,廿日市市,マリナプローバ
広島県,東広島市,パーラー大学下見店
山口県,山口市,ハリウッド佐山
岡山県,倉敷市,スーパーハリウッド倉敷
岡山県,岡山市東区,西大寺マルハチ
岡山県,津山市,Pachi2TOWN
岡山県,倉敷市,nikko倉敷店
岡山県,倉敷市,エンドレス水島店
島根県,松江市,ジャンボマックス黒田店
鳥取県,鳥取市,UFO吉方
鳥取県,鳥取市,グランワールドカップ鳥取店
鳥取県,鳥取市,マルハン鳥取店
北海道,札幌市白石区,プレイランドハッピー白石店
北海道,札幌市厚別区,プレイランドハッピー厚別店
北海道,札幌市東区,イーグルプレイス北41条店
北海道,函館市,ひまわり函館店
北海道,虻田郡倶知安町,ロイヤル倶知安店
北海道,室蘭市,マルハン室蘭店
北海道,札幌市西区,ベガスベガス発寒店
北海道,札幌市西区,プレイランドハッピー八軒店
北海道,札幌市中央区,プレイランドハッピー南6条店
北海道,札幌市中央区,イーグルR-1南8条店
北海道,札幌市中央区,アーリーバード藻岩店
北海道,札幌市東区,BIG大王東店
北海道,札幌市東区,ライジング元町
北海道,千歳市,マルハン千歳店
北海道,江別市,マルハン江別店
北海道,江別市,パーラー若草
北海道,岩見沢市,パチンコパーラー帝王岩見沢店
北海道,岩見沢市,マルハン岩見沢店
北海道,岩見沢市,ロイヤル岩見沢店
北海道,江別市,アミューズメントパーラー吉兆
北海道,夕張郡栗山町,ロイヤル栗山店
北海道,旭川市,パーラートーエーアッシュ店
北海道,旭川市,パーラートーエー3条本店
北海道,旭川市,パチンコボンボン大町店
北海道,旭川市,パーラーダイエー大町店
北海道,旭川市,アルファ神楽店
北海道,旭川市,マルハン旭川西店
北海道,空知郡中富良野町,パーラーダイエー中富良野店
北海道,旭川市,ビッグトマト末広店
北海道,滝川市,ひまわり滝川店
北海道,滝川市,ビッグドン
北海道,滝川市,ビクトリア滝川店
北海道,砂川市,マルハン新砂川店
北海道,留萌市,ひまわり留萌店
北海道,留萌市,パチンコジャイアンツ
北海道,留萌市,コンパル留萌店
北海道,旭川市,アルファ環状店
北海道,河東郡音更町,ひまわり音更店
北海道,河東郡音更町,エルシティ
北海道,帯広市,がちゃぽん帯広店
北海道,帯広市,ひまわり帯広店
北海道,帯広市,ライジング帯広
北海道,釧路市,ロイヤル釧路店
北海道,厚岸郡厚岸町,ゴッドスロットパーク
北海道,北見市,パーラーDAIGOROX
宮城県,名取市,マルハン名取店
宮城県,仙台市泉区,パチンコタイガー松森店
宮城県,仙台市宮城野区,Dステーション仙台東店
宮城県,石巻市,アムズガーデン石巻湊店
宮城県,石巻市,パラディソ石巻元倉店
宮城県,遠田郡涌谷町,メルヘンワールド涌谷店
宮城県,気仙沼市,パチンコダイイチ気仙沼店
宮城県,岩沼市,ひまわり岩沼店
福島県,会津若松市,マルハン会津若松一箕店
福島県,南相馬市,つばめザ・ビーム
山形県,山形市,ベガスベガス成沢店
山形県,米沢市,MGM米沢店
山形県,長井市,アイランド長井店
岩手県,滝沢市,ロックハンドアポロ
岩手県,盛岡市,アポロ盛岡西
岩手県,花巻市,パチンコ22花巻インター店
岩手県,久慈市,ジャムフレンドクラブエース久慈
福岡県,八女市,BEAMYAME
秋田県,由利本荘市,スーパードーム由利本荘店
秋田県,能代市,ひまわり能代店
青森県,青森市,ライジング観光通
青森県,青森市,スーパードーム青森東店
青森県,八戸市,ライジング江陽
青森県,十和田市,マルハン十和田店
青森県,五所川原市,ひまわり五所川原店
福岡県,北九州市小倉南区,フェイス1300小倉南
福岡県,北九州市小倉南区,パサージュBJ
福岡県,京都郡苅田町,MGM苅田店
福岡県,京都郡苅田町,マルハン苅田店
福岡県,北九州市小倉北区,パサージュ小倉駅前店
福岡県,北九州市小倉北区,アプロ.2
福岡県,北九州市小倉北区,GION小倉
福岡県,北九州市小倉北区,パーラーギオン三萩野
福岡県,北九州市小倉南区,パサージュGT北方
福岡県,北九州市戸畑区,がちゃぽん戸畑店
福岡県,福岡市博多区,プラザ本店
福岡県,北九州市戸畑区,スペース666
福岡県,北九州市戸畑区,ゾーン戸畑店
福岡県,北九州市八幡東区,ミラージュ
福岡県,北九州市八幡西区,黒崎太陽会館
福岡県,遠賀郡水巻町,21世紀水巻店
福岡県,北九州市八幡西区,マルハン本城店
福岡県,北九州市八幡西区,パーラー21世紀楠橋店
福岡県,福岡市中央区,MJ天神I&II
福岡県,福岡市中央区,プラザ天神
福岡県,福岡市中央区,玉屋本店
福岡県,福岡市中央区,BOOM天神本店
福岡県,福岡市中央区,エムザス小笹店
福岡県,福岡市中央区,プラザ長浜
福岡県,糟屋郡新宮町,ひばり新宮店
福岡県,筑紫郡那珂川町,那珂川キング本店
福岡県,筑紫郡那珂川町,キング2
東京都,千代田区,秋葉原UNO
福岡県,糟屋郡須惠町,ワンダーランド須恵店
福岡県,糟屋郡志免町,Eスペース福岡東店
福岡県,糟屋郡志免町,MJアリーナ志免店
福岡県,糟屋郡志免町,HINODE志免店
福岡県,糟屋郡粕屋町,スーパーDステーション福岡本店
福岡県,糟屋郡粕屋町,ワンダーランド福岡東店
福岡県,糟屋郡久山町,キング3久山店1700
福岡県,古賀市,古賀プラザ
福岡県,古賀市,クラブハウス古賀支店
福岡県,宗像市,玉屋宗像店
福岡県,遠賀郡遠賀町,グランロッキーII
福岡県,福岡市博多区,EVO2
福岡県,福岡市博多区,GION1・1
福岡県,福岡市博多区,ひばり吉塚店
福岡県,福岡市東区,マルハン箱崎店
福岡県,福岡市東区,MJアリーナ箱崎店
福岡県,福岡市東区,Eスペース福岡本店
福岡県,福岡市東区,マルハン二又瀬店
福岡県,福岡市博多区,つかさ月隈店
福岡県,福岡市博多区,プラザ本店II
福岡県,福岡市博多区,MJ板付
福岡県,福岡市東区,ワンダーランド香椎本館
福岡県,福岡市東区,ワンダーランド香椎II
東京都,千代田区,神田ジャンボ
福岡県,福岡市早良区,ワンダーランド西新店
福岡県,福岡市早良区,玉屋室見店
福岡県,福岡市早良区,BEAMHARA
福岡県,福岡市城南区,CORONA500
福岡県,福岡市城南区,MJ長尾
福岡県,福岡市城南区,荒江プラザ
福岡県,福岡市南区,エムザス
福岡県,福岡市南区,エムザス大橋店
福岡県,福岡市南区,玉屋大橋店
福岡県,福岡市南区,ワンダーランド百年橋店
福岡県,春日市,スーパーハリウッド1120
福岡県,春日市,MJアリーナ井尻店
福岡県,春日市,Aパーク春日店
福岡県,大野城市,BEAMbyHIKARI
福岡県,大野城市,HINODE大野城店
福岡県,大野城市,ワンダーランド南ヶ丘店
福岡県,筑紫野市,スーパーDステーション筑紫野店
福岡県,筑紫野市,つかさ筑紫野店
東京都,千代田区,コーシン神田店
福岡県,福岡市西区,ワンダーランド小戸本館
福岡県,福岡市西区,パーラーゾーン姪浜
福岡県,福岡市西区,アウトバーンブリッツ
福岡県,福岡市西区,Dステーション福重店
福岡県,福岡市西区,スーパーDステーション伊都店
福岡県,福岡市西区,メガフェイス1030伊都
福岡県,糸島市,キングホール前原店
福岡県,飯塚市,ヴィーナスギャラリー飯塚店
福岡県,飯塚市,メガフェイス960飯塚
福岡県,飯塚市,クラブハウス本店
福岡県,飯塚市,クラブハウス庄内支店
東京都,港区,ピーアーク三田
福岡県,田川市,メガフェイス1250田川店
福岡県,田川郡川崎町,クラブハウス川崎支店
福岡県,久留米市,WIN-WINONE
福岡県,久留米市,キャロル津福店
福岡県,久留米市,ワンダーランド三潴店
福岡県,三井郡大刀洗町,ワンダーランド大刀洗店
福岡県,大川市,ワンダーランド大川店
福岡県,大川市,マルハン大川店
福岡県,柳川市,ワンダーランド柳川店
福岡県,八女市,テンガイ・八女店
福岡県,大牟田市,ワンダーランド八江店
福岡県,大牟田市,ワンダーランド日出町店
福岡県,大牟田市,ワンダーランドメタルポリス
福岡県,大牟田市,マルハン大牟田銀水店
福岡県,朝倉市,メッカ朝倉店
福岡県,朝倉市,ブロス甘木店
福岡県,小郡市,ワンダーランド小郡三沢店
福岡県,朝倉郡筑前町,MEGABEAMASAKURA999
福岡県,みやま市,ワンダーランド高田店
福岡県,久留米市,ワンダーランド770東合川店
福岡県,うきは市,ワンダーランド吉井店
福岡県,うきは市,ワンダーランドうきはバイパス店
佐賀県,佐賀市,フェイス701巨勢
佐賀県,佐賀市,マルハン佐賀店
東京都,あきる野市,デルパラ6あきる野店
佐賀県,神埼市,つかさ神埼店
佐賀県,神埼郡吉野ヶ里町,フェイス666神崎店
佐賀県,武雄市,ワンダーランド武雄店
佐賀県,西松浦郡有田町,ファインロッキー
佐賀県,小城市,ひばり小城店
佐賀県,唐津市,DELSUPERDOME唐津店
佐賀県,唐津市,和多田キングホール
佐賀県,唐津市,玉屋唐津店
佐賀県,唐津市,フェスタ・唐津店
佐賀県,唐津市,町田キングホール
佐賀県,伊万里市,ワンダーランド伊万里店
佐賀県,三養基郡みやき町,エムザスみやき店
佐賀県,三養基郡みやき町,マルハンみやき店
佐賀県,三養基郡上峰町,キャロル上峰店
佐賀県,小城市,スロットタウンZERO小城牛津店
佐賀県,杵島郡江北町,ワンダーランド江北店
佐賀県,佐賀市,フェイス850佐賀
佐賀県,鹿島市,ワンダーランド鹿島店
佐賀県,武雄市,ひばり武雄店
佐賀県,伊万里市,玉屋伊万里店
佐賀県,唐津市,キングホール鏡店
長崎県,長崎市,ユーコーラッキー長崎駅前店
長崎県,長崎市,ユーコーラッキー浜町店
長崎県,長崎市,まるみつ浜町店
長崎県,長崎市,センクラ出島店
長崎県,長崎市,ユーコーラッキー東長崎店
長崎県,西彼杵郡時津町,まるみつ時津店
長崎県,西彼杵郡長与町,Dステーション長与店
長崎県,西彼杵郡長与町,まるみつ長与店
東京都,北区,マルシェ赤羽店
長崎県,長崎市,まるみつ稲佐店
長崎県,諫早市,銀玉ブティックひばり諫早店
長崎県,諫早市,ワンダーランド諫早店
長崎県,雲仙市,ひばり愛野店
長崎県,佐世保市,Dステーション大野店
長崎県,北松浦郡佐々町,マリオ佐々店
長崎県,北松浦郡佐々町,まるみつ佐々店
長崎県,佐世保市,マリオ福石店
長崎県,佐世保市,ビッグアップル.佐世保
長崎県,佐世保市,ケイズプラザ京町店
長崎県,佐世保市,マルハン佐世保店
長崎県,佐世保市,ワンダーランド佐世保白岳店
長崎県,佐世保市,Dステーション佐世保南店
長崎県,東彼杵郡川棚町,タイガー川棚店
長崎県,松浦市,マリオ松浦店
長崎県,松浦市,Dステーション松浦店
長崎県,平戸市,パチンコヤングプラザ平戸店
長崎県,佐世保市,サンタイガー
熊本県,山鹿市,マルハン山鹿店
熊本県,熊本市東区,マルハン小山店
東京都,葛飾区,メッセ奥戸店
千葉県,市川市,ピーアーク南行徳NEO
大分県,大分市,Dee2
大分県,大分市,ヴィーナスギャラリー大分I店
大分県,大分市,DAISYO
大分県,大分市,ウイング大分駅前店
大分県,大分市,エルグラン明野本店
大分県,大分市,マルハン高城店
大分県,大分市,キングイーグルズ大分明野店
大分県,大分市,まるみつ鶴崎店
大分県,大分市,ワンダーランド大分南店
大分県,大分市,フォーティサミット
大分県,大分市,nikko大分中央店
大分県,大分市,ウイング下郡店
大分県,大分市,Dee1
大分県,中津市,マルハン中津店
大分県,中津市,ワンダーランド中津米山店
大分県,中津市,中津サミット
大分県,中津市,ZEROSPARK
東京都,葛飾区,ダイナム新小岩店
大分県,別府市,サミット別府店
大分県,別府市,LASVEGAS+別府店
大分県,別府市,Dee3
大分県,別府市,ヴィーナスギャラリー別府II店
大分県,臼杵市,ワンダーランド臼杵店
大分県,玖珠郡玖珠町,クラブハウス玖珠支店
東京都,墨田区,ヒノマル錦糸町店スロット館
宮崎県,宮崎市,モナコパレスゴールド
宮崎県,宮崎市,パーラーエービーシー佐土原店
宮崎県,宮崎市,モナコパレス1000宮崎駅前店
宮崎県,宮崎市,マルハン宮崎店
宮崎県,宮崎市,オーシャン宮崎店
大阪府,茨木市,G-ONE南茨木店
宮崎県,延岡市,サンクス恵比須店
宮崎県,延岡市,西の丸古川店
宮崎県,延岡市,西の丸センター
宮崎県,延岡市,シリウス延岡
宮崎県,日向市,西の丸エーワン
宮崎県,日向市,まるみつ日向店
宮崎県,児湯郡高鍋町,T-MAX高鍋店
宮崎県,都城市,スーパーDステーション都城駅前店
宮崎県,都城市,宝シリウス都城店
宮崎県,都城市,マルハン都城店
宮崎県,都城市,がちゃぽん都城店
宮崎県,都城市,マルハン都城南店
宮崎県,都城市,パーラーオーシャン谷頭駅前店
宮崎県,串間市,BEAM串間
宮崎県,宮崎市,グランデエービーシー田野店
鹿児島県,鹿児島市,MORINAGA草牟田店
鹿児島県,鹿児島市,T-MAXTripleG
東京都,世田谷区,ゴードン祖師谷店
鹿児島県,鹿児島市,ワンダーランド鹿児島新栄店
鹿児島県,鹿児島市,T-MAX新栄店
鹿児島県,鹿児島市,ワンダーランド谷山店
鹿児島県,鹿児島市,マルハン卸本町店
鹿児島県,指宿市,エムザス指宿店
鹿児島県,指宿市,マルハン指宿店
愛知県,豊橋市,オーギヤグランプリ
鹿児島県,鹿児島市,マルハン鹿児島新港店
沖縄県,那覇市,M'sニューポート
鹿児島県,鹿児島市,T-MAXPRIDE
鹿児島県,鹿児島市,がちゃぽん天文館千日店
鹿児島県,鹿児島市,MORiNAGA天文館G3店
鹿児島県,鹿屋市,マルハン鹿屋店
鹿児島県,鹿屋市,パーラー大丸川西店
鹿児島県,鹿屋市,まるみつ鹿屋店
鹿児島県,鹿屋市,MGM大浦店
鹿児島県,肝属郡肝付町,イエスランド鹿屋店
鹿児島県,肝属郡肝付町,ひばり肝付店
鹿児島県,肝属郡肝付町,MGM笠之原店
鹿児島県,薩摩川内市,マルハン薩摩川内店
鹿児島県,伊佐市,MGM大口店
鹿児島県,南さつま市,イエスランド加世田店
鹿児島県,出水市,MGM出水店
東京都,中野区,オークラ新中野店
鹿児島県,霧島市,金馬車隼人店
鹿児島県,姶良市,マルハン加治木店
鹿児島県,姶良市,まるみつ姶良店
鹿児島県,志布志市,MGM志布志店
鹿児島県,曽於郡大崎町,パーラー大丸大崎店
鹿児島県,曽於市,アスリート・アリーナ
沖縄県,那覇市,M'sリバーサイド
沖縄県,那覇市,M'sガーデン
沖縄県,那覇市,ピータイムおもろ店
沖縄県,那覇市,サンシャインNEXT開南店
沖縄県,那覇市,ジャンボポートアイランド店
沖縄県,那覇市,エルグラン西町本店
沖縄県,那覇市,サンシャイン小禄店
沖縄県,豊見城市,サンシャイン豊見城店
沖縄県,糸満市,アムズガーデン糸満店
沖縄県,糸満市,サンシャイン糸満店
沖縄県,島尻郡南風原町,サンシャイン南風原店
沖縄県,島尻郡南風原町,ピータイム津嘉山
沖縄県,島尻郡与那原町,ピータイム与那原店
沖縄県,島尻郡与那原町,イースペース与那原店
沖縄県,浦添市,セブン浦添
沖縄県,浦添市,サンシャイン首里店
沖縄県,浦添市,マルシンV1
沖縄県,浦添市,サンシャイン牧港店
沖縄県,浦添市,ファラオ本店
沖縄県,浦添市,サンシャイン城間店
沖縄県,浦添市,ジャンボG1店
沖縄県,宜野湾市,ピータイムふてんま
沖縄県,那覇市,マルシンV3
沖縄県,那覇市,エルグラン首里末吉店
沖縄県,沖縄市,サンシャイン諸見店
沖縄県,沖縄市,サンシャインNEXT山内店
沖縄県,中頭郡北谷町,マルシンV4
沖縄県,中頭郡嘉手納町,サンシャイン水釜店
沖縄県,うるま市,セブン石川
沖縄県,うるま市,J･Park石川店
沖縄県,沖縄市,サンシャイン美里店
沖縄県,沖縄市,ラッキー高原店
沖縄県,沖縄市,アムズガーデン泡瀬
沖縄県,沖縄市,サンシャイン泡瀬店
沖縄県,うるま市,J･Parkみどり町店
沖縄県,うるま市,アムズエース具志川店
沖縄県,うるま市,名宝具志川店
沖縄県,うるま市,J･Parkディノ店
沖縄県,うるま市,イースペース具志川店
沖縄県,うるま市,アムズガーデン赤道店
沖縄県,名護市,ファラオ名護店
福岡県,北九州市門司区,スーパーハリウッド門司
沖縄県,名護市,イースペース東江店
福岡県,北九州市八幡西区,ベルエアMAX本城店
福岡県,北九州市若松区,FORE若松本店
福岡県,北九州市若松区,フェイス950高須
福岡県,糟屋郡新宮町,玉屋新宮店
沖縄県,名護市,ルクソール
福岡県,福岡市博多区,プラザ博多
福岡県,福岡市早良区,ヴィーナスギャラリー西新店
福岡県,福岡市早良区,MJアリーナ干隈店
福岡県,太宰府市,ファンファクトリー太宰府栄
福岡県,糸島市,銀玉ブティックひばり前原店
福岡県,嘉麻市,メディアパサージュ666嘉麻
福岡県,久留米市,MJアリーナ久留米店
福岡県,八女郡広川町,ベルエアMAX広川店
福岡県,大牟田市,ワンダーランド三池店
佐賀県,佐賀市,ゴールドラッシュ本庄店
佐賀県,多久市,ワンダーランド多久店
佐賀県,伊万里市,ディー・ツー
佐賀県,佐賀市,ゴールドラッシュ高木瀬店
長崎県,大村市,Dステーション大村店
長崎県,佐世保市,スーパーDステーション佐々インター店
長崎県,佐世保市,キングイーグルズ佐世保針尾店
熊本県,熊本市北区,ベルエアMAX北部店
大分県,大分市,CPセントラルパーク大分本店
大分県,大分市,マルハン大分古国府店
大分県,日田市,ヴィーナスギャラリー日田店
大分県,速見郡日出町,アミューズメントステージガイア大分日出店
鹿児島県,鹿児島市,ナンニチ天文館本店
鹿児島県,薩摩郡さつま町,ひばり宮之城店
鹿児島県,日置市,MORiNAGA伊集院店
東京都,江戸川区,メッセ西葛西店
東京都,大田区,ヒロキ蒲田西口店
東京都,大田区,金時京急蒲田店
東京都,大田区,PIA雑色新館
東京都,大田区,ARROW池上店
東京都,渋谷区,ヒノマル広尾店
東京都,渋谷区,エスパス日拓渋谷本館
東京都,渋谷区,楽園渋谷道玄坂店
東京都,世田谷区,メガガイア明大前店
沖縄県,宜野湾市,ファラオ我如古店
沖縄県,宜野湾市,サンシャインNEXT宜野湾店
沖縄県,那覇市,サンシャインNEXT一日橋店
沖縄県,うるま市,サンシャイン具志川店
沖縄県,名護市,アムズガーデン名護店
東京都,豊島区,マルハン池袋店
埼玉県,三郷市,パラッツォ三郷中央店
東京都,豊島区,パラッツォ千川店
東京都,板橋区,やすだ仲宿店
東京都,板橋区,パラッツォ志村店
東京都,武蔵野市,G-ONE吉祥寺
東京都,国分寺市,ベガスベガス国分寺恋ヶ窪店
東京都,東村山市,デルパラ9東村山店
東京都,立川市,スーパーDステーション立川店
東京都,立川市,楽園立川店
東京都,立川市,プレゴ立川店
東京都,西多摩郡瑞穂町,グランドラ・カータ1111瑞穂店
東京都,町田市,パールショップともえ町田609
東京都,青梅市,マルハン青梅新町店
東京都,多摩市,ゴードン多摩センターA館
神奈川県,川崎市川崎区,楽園川崎店
神奈川県,横浜市西区,PIA横浜モアーズ
神奈川県,横浜市神奈川区,ジョイフル吉兆横浜西寺尾店
神奈川県,横浜市神奈川区,吉兆横浜西寺尾店
神奈川県,横浜市神奈川区,クラブニューヨーク反町
神奈川県,横浜市緑区,中山UNO
神奈川県,横浜市中区,SKIPスロットクラブ関内店
神奈川県,横浜市磯子区,ザシティ・ベルシティ新杉田店
神奈川県,横須賀市,アビバ三春町店
神奈川県,大和市,大和マリーン
神奈川県,横浜市泉区,エランドール泉店
神奈川県,相模原市緑区,フジ相模原店
神奈川県,相模原市中央区,パールショップともえ淵野辺店
神奈川県,相模原市中央区,トワーズ相模原店
神奈川県,相模原市南区,相模大野UNO
神奈川県,相模原市南区,ピーアーク相模大野
神奈川県,相模原市南区,ジャパンニューアルファ相模原南店
神奈川県,相模原市南区,小田急相模原UNO
神奈川県,伊勢原市,フジ伊勢原店
神奈川県,平塚市,グランドホール金目店
神奈川県,秦野市,パラッツォ秦野渋沢店
埼玉県,さいたま市浦和区,パチンコプラザラ・カータ浦和店
埼玉県,さいたま市大宮区,パチンコどんじゃら
埼玉県,さいたま市西区,マルハン清河寺店
埼玉県,川口市,オリエンタルパサージュ西川口456
埼玉県,越谷市,せんげん台DUO
埼玉県,久喜市,フレンド
埼玉県,加須市,ニラク加須愛宕店
埼玉県,加須市,パチンコキサイ
埼玉県,川越市,ニュークラウン川越2号店
埼玉県,新座市,ニューダイエイ
埼玉県,飯能市,デルパラ5飯能店
埼玉県,入間市,ニラク入間新光店
埼玉県,熊谷市,グランドオータ熊谷本店
埼玉県,熊谷市,スーパーDステーション熊谷店
埼玉県,鴻巣市,スーパーDステーション鴻巣店
千葉県,千葉市中央区,ZAP蘇我店
千葉県,千葉市緑区,VEGA千葉南店
愛知県,蒲郡市,チャンピオンタイキ竹島店1号館
千葉県,習志野市,ビックマーチ東習志野店
千葉県,柏市,やすだ柏店
千葉県,浦安市,ウエスタン浦安駅前店
千葉県,香取市,パールショップともえ佐原山之辺店
千葉県,銚子市,MGM銚子店
千葉県,香取市,ダイナム小見川店
千葉県,館山市,ダイナム館山店
千葉県,茂原市,ヒノマル茂原店
茨城県,土浦市,レイトスロットステージ土浦
茨城県,稲敷市,ダイナム茨城稲敷店
茨城県,土浦市,ジュピター707土浦店
茨城県,土浦市,レイト荒川沖
茨城県,常総市,BLAZE
茨城県,つくば市,オークラ
茨城県,結城郡八千代町,ビックマーチスロットクラブ八千代
茨城県,筑西市,レイトスロットステージ筑西
茨城県,ひたちなか市,ZENTひたちなか店
茨城県,ひたちなか市,ガイアひたちなか店
茨城県,日立市,MGM日立店
栃木県,宇都宮市,DELGRAND上横田
栃木県,日光市,ダイナム今市店
栃木県,那須塩原市,夢屋黒磯店
栃木県,足利市,アイランド足利店
栃木県,足利市,パチンコプラザラ・カータ足利店
栃木県,足利市,ダイナム足利店
栃木県,小山市,ライブガーデン小山粟宮スタンダード
群馬県,高崎市,スーパーDステーション倉賀野店
群馬県,前橋市,トワーズ前橋高井店
群馬県,館林市,Dステーション館林店
群馬県,館林市,ダイナム館林店
群馬県,館林市,マルハン館林店
群馬県,みどり市,スーパーDステーション大間々店
群馬県,渋川市,ニラク渋川白井店
群馬県,吾妻郡中之条町,Dステーション中之条店
群馬県,沼田市,チャオ沼田店
大阪府,大阪市北区,四海樓HEPFIVE店
大阪府,大阪市北区,123+N大阪本店
大阪府,大阪市淀川区,メガフェイス1111淀川
大阪府,大阪市東成区,123鶴橋店
大阪府,大阪市天王寺区,スーパーホール
大阪府,大阪市此花区,マルハン此花島屋店
大阪府,大阪市西淀川区,ベラジオスロットオペラ43店
大阪府,吹田市,ベラジオ江坂
大阪府,高槻市,KINGOFKINGS高槻店
大阪府,高槻市,マルハン高槻店
大阪府,大東市,ARROW大東店
大阪府,東大阪市,123+N布施店
大阪府,東大阪市,ガリバー東大阪店
大阪府,和泉市,マルハン和泉寺田店
兵庫県,神戸市中央区,ヴィーナスギャラリー神戸店
兵庫県,神戸市中央区,キコーナ神戸中央スロット館
兵庫県,神戸市須磨区,ATIME須磨パティオ店
兵庫県,神戸市垂水区,オーギヤ垂水店
兵庫県,神戸市垂水区,ミクちゃんガイア垂水店
兵庫県,神戸市東灘区,キコーナ御影店
兵庫県,尼崎市,メトログラッチェ尼崎スロット専門店
兵庫県,西宮市,アミューズ西宮山手幹線通り
兵庫県,姫路市,ノースグランド
兵庫県,姫路市,サウスグランド
兵庫県,三木市,ミクちゃんガイア三木南店
滋賀県,長浜市,actgold長浜
京都府,京都市山科区,ミリオンダラー山科店
京都府,宇治市,エンターテイメントオメガ六地蔵
京都府,福知山市,ZORRO
和歌山県,海南市,LOVE海南店
和歌山県,田辺市,ミュージアムスロット館
和歌山県,橋本市,ウイング橋本店
愛知県,田原市,名宝田原店
愛知県,岡崎市,ZENT岡崎インター店
愛知県,岡崎市,プリンス岡崎店
愛知県,西尾市,ニューサンプラザ
愛知県,岡崎市,チャンピオンタイキ岡崎伊賀店
愛知県,岡崎市,VEGAS岡崎駅前店
愛知県,西尾市,ぱちんこ太陽
愛知県,名古屋市中川区,プレイランドキャッスル尾頭橋店
愛知県,名古屋市港区,KEIZ港店
愛知県,名古屋市港区,ゴー港店
愛知県,名古屋市港区,ジール当知店
愛知県,名古屋市南区,マルハン名古屋南店
愛知県,名古屋市中区,プレイランドキャッスル記念橋南店
愛知県,名古屋市千種区,キング観光サウザンド今池1号店
愛知県,名古屋市瑞穂区,KOHAKU堀田店
愛知県,名古屋市天白区,サンシャインKYORAKU平針
愛知県,名古屋市天白区,ZENT原店
愛知県,豊明市,有楽新田店
愛知県,知立市,KEIZギャラリエアピタ知立店
愛知県,知多市,プレイランドキャッスル知多店
愛知県,知多市,プレイランドキャッスル知多にしの台店
岡山県,笠岡市,Pia’91(ぴあ91)
愛知県,春日井市,キクヤ春日井店
愛知県,春日井市,メガコンコルド800春日井店+
愛知県,尾張旭市,プレイランドサンワ尾張旭店
愛知県,一宮市,ミカド一宮インター店
愛知県,弥富市,ラッキープラザ1111弥富店
静岡県,三島市,ジョイランドみしまⅡ
静岡県,駿東郡清水町,マルハンメガシティ三島駿東
静岡県,静岡市駿河区,コンコルド静岡東新田店
静岡県,牧之原市,スリーエー榛原
静岡県,静岡市駿河区,マルハン草薙アピア店
静岡県,静岡市駿河区,ABC静岡中吉田店
静岡県,湖西市,マルハン中之郷店
静岡県,浜松市北区,ジュピター三方原店
山梨県,甲斐市,ダイヤ3
長野県,佐久市,マルハン佐久店
長野県,佐久市,スーパーアリーナ佐久平店
長野県,茅野市,ニューアサヒ茅野店
長野県,大町市,マルイ大町店
長野県,駒ヶ根市,チャンピオン駒ヶ根店
長野県,伊那市,ニューアサヒ伊那店
岐阜県,関市,G-SITE関店
岐阜県,不破郡垂井町,がちゃぽん垂井店
岐阜県,各務原市,スロットシグマ
岐阜県,下呂市,7プラザ
新潟県,新潟市中央区,クリエ新潟店
新潟県,新発田市,DAMZ新発田店
富山県,富山市,KEIZ富山田中店
富山県,射水市,ノースランド太閤山店
石川県,金沢市,オークラ諸江店
石川県,金沢市,マルハン福久店
三重県,三重郡川越町,ホームラン川越店
三重県,松阪市,キング観光松阪店
三重県,度会郡玉城町,ウイング玉城店
三重県,南牟婁郡御浜町,神志山KBシティ
広島県,庄原市,ビクトリー庄原店
広島県,広島市東区,スーパーハリウッド温品
広島県,広島市西区,スーパーハリウッド1000
広島県,広島市西区,スーパーハリウッド1000観音
広島県,広島市南区,ハリウッド・ハリーズ
広島県,広島市安芸区,アキロイヤル
広島県,東広島市,ブールバールヒルズ
広島県,広島市安芸区,ZAPP瀬野川店
岡山県,岡山市北区,大安寺マルハチ
岡山県,岡山市北区,スーパーハリウッド下中野
岡山県,岡山市北区,グレート・ハリウッド&アルファー
岡山県,岡山市北区,グレートハリウッド
岡山県,新見市,エンドレス新見店
岡山県,総社市,バージンタワー
島根県,大田市,丸三大田中央店
鳥取県,鳥取市,ジャンボマックス888鳥取店
鳥取県,境港市,アルファ境港店
香川県,高松市,アイゼンはま街道店
香川県,観音寺市,ミリオン観音寺店
高知県,高知市,ミリオン大津店
高知県,高知市,マルハン高知一宮店
徳島県,板野郡松茂町,123松茂店
香川県,丸亀市,アトラスアイゼン
高知県,高知市,マルハン土佐道路西店
高知県,高知市,タマイセンター知寄町店
北海道,札幌市北区,プレイランドハッピー麻生店
北海道,札幌市北区,ひまわり篠路店
北海道,札幌市白石区,マルハン白石店
北海道,函館市,マルハン函館港店
北海道,函館市,プレイランドハッピー本通店
北海道,室蘭市,ビクトリア室蘭店
北海道,苫小牧市,コアシティ
北海道,札幌市西区,プレイランドハッピー二十四軒店
北海道,旭川市,パチンコボンボン豊岡店
北海道,釧路郡釧路町,マルハン木場店
北海道,士別市,ひまわり士別店
宮城県,宮城郡利府町,アムズガーデン利府店
宮城県,仙台市太白区,パチンコまるたま中田バイパス店
宮城県,仙台市若林区,パラディソ沖野店
宮城県,多賀城市,SSZAP多賀城店
宮城県,栗原市,ARISEDAIAN築館店
宮城県,気仙沼市,セントラル神山店
宮城県,気仙沼市,ライオン田中前店
宮城県,気仙沼市,WINS気仙沼
宮城県,気仙沼市,スロットLEO
宮城県,大崎市,アムズガーデン古川店
福島県,会津若松市,マルハン会津若松店
山形県,山形市,ベガスベガス北山形店
岩手県,一関市,WINS一関
岩手県,一関市,パーラーJ-遊一関店
岩手県,二戸市,ユニオンザ・プライム二戸
青森県,むつ市,ジャムフレンドクラブエースむつ
東京都,千代田区,有楽町DUO
東京都,千代田区,エスパス日拓秋葉原駅前店
東京都,港区,エスパス日拓赤坂見附駅前新館
東京都,墨田区,エクスアリーナ東京
東京都,世田谷区,パーラーミツボシ祖師谷店
東京都,東村山市,ダイナム東村山店
神奈川県,川崎市高津区,エスパス日拓溝の口駅前新館
神奈川県,横浜市南区,ドキわくランド井土ヶ谷店
神奈川県,海老名市,キコーナ海老名店
神奈川県,平塚市,スーパーDステーション平塚駅前店
埼玉県,蕨市,ウイング蕨
埼玉県,春日部市,ピーアーク春日部
埼玉県,坂戸市,第一プラザ坂戸にっさい店
埼玉県,鶴ヶ島市,ラ・カータ鶴ヶ島777
千葉県,船橋市,トワーズ船橋店
千葉県,習志野市,PIA津田沼
茨城県,牛久市,スロットPX女化店
茨城県,つくば市,ビックマーチつくば学園の森店
栃木県,宇都宮市,ExcitingSlotClubDeruDeru
大阪府,大阪市北区,マルハン梅田店
大阪府,大阪市淀川区,ベラジオ十三店
大阪府,大阪市東淀川区,プレミアSLOTLAB淡路西店
大阪府,大阪市旭区,ハリウッド・ハリーズ高殿
大阪府,大阪市住之江区,ベラジオ住之江店
大阪府,八尾市,ARROW志紀店
大阪府,八尾市,ARROW志紀駅前店
大阪府,堺市堺区,KINGOFKINGS大和川店
兵庫県,尼崎市,メトログラッチェ3号店
滋賀県,長浜市,キング観光サウザンド長浜インター店
愛知県,名古屋市中川区,タイホウ中川中野橋東店
愛知県,名古屋市港区,タイキ1212港区木場店
愛知県,名古屋市南区,ダイマル星崎店
愛知県,知立市,メガコンコルド1020刈谷知立店
静岡県,藤枝市,マルハン藤枝駅南店
静岡県,浜松市中区,JUMBO+555高丘店
長野県,佐久市,夢工房YAHHO佐久
長野県,長野市,APULO篠ノ井店
長野県,松本市,チャンピオンANNEX
長野県,茅野市,ニューアサヒ茅野本町店
長野県,塩尻市,マルハン塩尻店
新潟県,上越市,DAMZ柿崎店
岡山県,岡山市北区,nikko十日市店
島根県,出雲市,ジャンボマックス777出雲店
北海道,札幌市南区,ひまわり真駒内店
北海道,千歳市,プレイランドハッピー千歳駅前店
北海道,千歳市,クラブイーグル千歳店
北海道,江別市,ライジング江別
北海道,旭川市,アルファ旭町店
北海道,旭川市,パーラートーエー神楽店
宮城県,黒川郡大和町,パラディソ大和店
岩手県,陸前高田市,カネマン陸前高田
福岡県,北九州市小倉南区,スロットまるみつ葛原店
福岡県,北九州市小倉北区,アプロ.7
福岡県,北九州市小倉北区,パサージュ830西港店
福岡県,福岡市中央区,ヴィーナスギャラリー清川店
福岡県,福岡市南区,玉屋中尾店
福岡県,遠賀郡遠賀町,フェイス777遠賀
福岡県,福岡市博多区,プラザ3
福岡県,福岡市博多区,キング博多店
福岡県,福岡市博多区,123博多店
福岡県,福岡市博多区,MJアリーナ空港店
福岡県,嘉麻市,玉屋嘉麻店
福岡県,直方市,メッカXP
佐賀県,佐賀市,Be-1佐賀店
佐賀県,佐賀市,マルハン東与賀店
佐賀県,鳥栖市,ゴールドラッシュ鳥栖店
佐賀県,伊万里市,銀玉ブティックひばり伊万里店
長崎県,諫早市,スーパーDステーション諫早店
長崎県,大村市,ビッグアップル.大村店
熊本県,荒尾市,マルハン荒尾店
大分県,大分市,ワンダーランド大分皆春店
大分県,中津市,ヴィーナスギャラリー中津店
大分県,津久見市,CPセントラルパーク津久見店
宮崎県,宮崎市,パーラーエービーシー花ヶ島店
宮崎県,日南市,満天日南店
宮崎県,東臼杵郡門川町,西の丸門川店
宮崎県,宮崎市,シリウス清武店
鹿児島県,鹿児島市,テンガイ・与次郎店
鹿児島県,西之表市,T-MAX種子島鴨女店
鹿児島県,霧島市,まるみつ霧島店
鹿児島県,霧島市,がちゃぽん霧島店
沖縄県,那覇市,ジャンボおもろ店
沖縄県,宜野湾市,ステーション真栄原
沖縄県,宜野湾市,エルグラン大山店
沖縄県,那覇市,アムズガーデン国場店
福岡県,福岡市南区,Aパーク屋形原店
福岡県,宗像市,メガフェイス1500宗像
福岡県,福岡市博多区,メガフェイス880博多本店
長崎県,長崎市,スーパーDステーション女神店
宮崎県,宮崎市,ワンダーランド宮崎芳士店
鹿児島県,鹿児島市,ナンニチ新栄店
埼玉県,川口市,ピークスZERO
